Center Name,Address,City,State,ZIP Code,Phone,Website,Email/Contact,Key Providers/Specialists,Therapeutic Areas,Products/Drugs Used,Manufacturers/Sponsors,Clinical Trials,Trial Sponsors,Capacity/Beds,NCI Designated,FACT Accredited,Additional Patient Services
Dana-Farber Cancer Institute,450 Brookline Ave,Boston,MA,02215,857-255-1507,https://www.dana-farber.org,New patient appointment form online,"Dr. Caron Jacobson (Lymphoma CAR-T), Dr. Omar Nadeem (Myeloma CAR-T), Dr. Amar Kelkar (Gene Therapy Director)","CAR-T, Gene Therapy, Stem Cell Transplant, Precision Medicine, Immunotherapy","Kymriah, Yescarta, Breyanzi, Abecma, Tecartus","Novartis, Gilead/Kite, BMS, Bluebird Bio","CAR-T for solid tumors, Novel CAR-T constructs, Gene therapy combinations","Dana-Farber, NIH/NCI, BMS, Novartis",500+ transplants annually,Yes - Comprehensive,Yes,"Financial counseling, Patient navigation, Housing assistance, Transportation"
Memorial Sloan Kettering Cancer Center,1275 York Avenue,New York,NY,10065,212-639-2000,https://www.mskcc.org,appointments@mskcc.org,"Dr. Michel Sadelain (CAR-T Pioneer), Dr. Renier Brentjens, Dr. Jae Park","CAR-T, Gene Therapy, Cellular Immunotherapy, Precision Oncology, Radioligand Therapy","Kymriah, Yescarta, Breyanzi, Abecma, Tecartus, Pluvicto, Lutathera","Novartis, Gilead/Kite, BMS, Bluebird Bio, AAA","Next-gen CAR-T, TCR-T therapy, CRISPR editing, Radioligand combinations","MSK, NIH/NCI, Industry partners",25000+ patients annually,Yes - Comprehensive,Yes,"Social work, Integrative medicine, Nutrition counseling, Survivorship programs"
MD Anderson Cancer Center,1515 Holcombe Blvd,Houston,TX,77030,877-632-6789,https://www.mdanderson.org,patient.access@mdanderson.org,"Dr. Sattva Neelapu (CAR-T), Dr. Elizabeth Shpall (Stem Cell), Dr. Cassian Yee","CAR-T, Gene Therapy, Immunotherapy, Cellular Therapy, Precision Medicine","Kymriah, Yescarta, Breyanzi, Abecma, Tecartus","Novartis, Gilead/Kite, BMS","Allogeneic CAR-T, CAR-NK cells, CRISPR editing, Oncolytic virus therapy","MD Anderson, NIH/NCI, CPRIT",20000+ new patients annually,Yes - Comprehensive,Yes,"International services, Lodging, Clinical trial matching, Language services"
Mayo Clinic - Rochester,200 First Street SW,Rochester,MN,55905,507-284-2511,https://www.mayoclinic.org,mc2511@mayo.edu,"Dr. Saad Kenderian (CAR-T), Dr. Yi Lin (Myeloma), Dr. Stephen Ansell","CAR-T, Gene Therapy, Stem Cell Transplant, Multiple Myeloma, Lymphoma","Kymriah, Yescarta, Breyanzi, Abecma, Tecartus, Carvykti","Novartis, Gilead/Kite, BMS, Janssen","CAR-T for autoimmune diseases, Off-the-shelf CAR-T, CAR-NK therapy","Mayo Clinic, NIH, Industry sponsors",2000+ transplants annually,Yes - Comprehensive,Yes,"Care coordination, Travel planning, Second opinions, Integrative therapies"
Johns Hopkins Hospital,1800 Orleans Street,Baltimore,MD,21287,410-955-5000,https://www.hopkinsmedicine.org,kimmelcancercenter@jhmi.edu,"Dr. Lode Swinnen (CAR-T), Dr. Leo Luznik (Stem Cell), Dr. Ivan Borrello","CAR-T, Gene Therapy, Immunotherapy, Stem Cell Transplant, Precision Medicine","Kymriah, Yescarta, Breyanzi, Abecma, Tecartus","Novartis, Gilead/Kite, BMS","Novel CAR-T targets, Bispecific antibodies, Gene editing","Johns Hopkins, NIH/NCI, CIRM",1500+ transplants annually,Yes - Comprehensive,Yes,"Patient advocacy, Financial assistance, Clinical research coordination"
University of Pennsylvania,3400 Civic Center Blvd,Philadelphia,PA,19104,215-662-4000,https://www.pennmedicine.org,cancer.appointments@uphs.upenn.edu,"Dr. Carl June (CAR-T Pioneer), Dr. Noelle Frey, Dr. Bruce Levine","CAR-T, Gene Therapy, Cellular Immunotherapy, CRISPR, Precision Medicine","Kymriah (developed at Penn), Yescarta, Breyanzi, Abecma","Novartis, Gilead/Kite, BMS, Tmunity","CRISPR-edited CAR-T, Universal CAR-T, Gene therapy for hemophilia","Penn Medicine, NIH, Novartis, Parker Institute",1200+ cellular therapy patients,Yes - Comprehensive,Yes,"CAR-T support program, Housing assistance, Caregiver resources"
Fred Hutchinson Cancer Center,1100 Fairview Ave N,Seattle,WA,98109,206-667-5000,https://www.fredhutch.org,patient.services@fredhutch.org,"Dr. Cameron Turtle (CAR-T), Dr. Stanley Riddell, Dr. Hans-Peter Kiem","CAR-T, Gene Therapy, Stem Cell Transplant, Cellular Therapy, Immunotherapy","Kymriah, Yescarta, Breyanzi, Abecma, Tecartus","Novartis, Gilead/Kite, BMS, Juno","CAR-T optimization, TCR-engineered T cells, Gene therapy for HIV","Fred Hutch, NIH/NCI, Juno/BMS, Gates Foundation",10000+ transplant survivors,Yes - Comprehensive,Yes,"Long-term survivor clinic, Transplant recovery, Research participation"
Cleveland Clinic,9500 Euclid Avenue,Cleveland,OH,44195,866-223-8100,https://www.clevelandclinic.org,cancercenter@ccf.org,"Dr. Matt Kalaycio (CAR-T), Dr. Aziz Nazha, Dr. Deepa Jagadeesh","CAR-T, Gene Therapy, Stem Cell Transplant, Hematologic Malignancies, Cardio-Oncology","Kymriah, Yescarta, Breyanzi, Abecma, Tecartus","Novartis, Gilead/Kite, BMS","CAR-T cardiotoxicity prevention, Novel cellular therapies","Cleveland Clinic, NIH, Industry partners",800+ CAR-T treatments,Yes,Yes,"Cardio-oncology program, Supportive care clinic, Clinical trial navigation"
Stanford Medicine,300 Pasteur Drive,Stanford,CA,94305,650-498-6000,https://www.stanfordhealthcare.org,cancercenter@stanford.edu,"Dr. Crystal Mackall (Pediatric CAR-T), Dr. David Miklos, Dr. Matthew Porteus","CAR-T, Gene Therapy, CRISPR, Stem Cell Transplant, Precision Medicine","Kymriah, Yescarta, Breyanzi, Abecma, Tecartus","Novartis, Gilead/Kite, BMS, CRISPR Tx","CRISPR-edited CAR-T, Base editing, Gene therapy for sickle cell","Stanford, NIH/NCI, CIRM, CRISPR Tx, Vertex",15000+ cancer patients annually,Yes - Comprehensive,Yes,"Clinical trial support, Genetic counseling, Precision medicine clinic"
City of Hope,1500 East Duarte Road,Duarte,CA,91010,626-256-4673,https://www.cityofhope.org,contactus@coh.org,"Dr. Stephen Forman (Stem Cell Pioneer), Dr. Larry Kwak, Dr. John Rossi","CAR-T, Gene Therapy, Stem Cell Transplant, Immunotherapy, Cellular Therapy","Kymriah, Yescarta, Breyanzi, Abecma, Tecartus","Novartis, Gilead/Kite, BMS, Mustang Bio","CAR-T manufacturing innovation, Gene therapy vectors, Oncolytic virus","City of Hope, NIH/NCI, CIRM",13000+ annual cancer patients,Yes - Comprehensive,Yes,"Hope Village housing, Financial counseling, Survivorship, Wellness programs"
UCLA Jonsson Cancer Center,10833 Le Conte Avenue,Los Angeles,CA,90095,310-825-5268,https://www.cancer.ucla.edu,cccinfo@mednet.ucla.edu,"Dr. John Timmerman (Lymphoma CAR-T), Dr. Gary Schiller, Dr. Sven de Vos","CAR-T, Gene Therapy, Cellular Therapy, Precision Oncology, Immunotherapy","Kymriah, Yescarta, Breyanzi, Abecma, Tecartus","Novartis, Gilead/Kite, BMS, Allogene","Universal CAR-T (UCART), Gene-edited allogeneic CAR-T","UCLA, NIH/NCI, CIRM, Allogene",8000+ new cancer patients,Yes - Comprehensive,Yes,"Cancer genetics clinic, Immunotherapy infusion center, Supportive oncology"
UCSF Helen Diller Cancer Center,1450 3rd Street,San Francisco,CA,94158,415-353-2000,https://www.cancer.ucsf.edu,cancer.center@ucsf.edu,"Dr. Lloyd Damon (CAR-T), Dr. Charalambos Andreadis, Dr. Jeffrey Wolf","CAR-T, Gene Therapy, Stem Cell Transplant, Precision Medicine, Immunotherapy","Kymriah, Yescarta, Breyanzi, Abecma, Tecartus, Lyfgenia","Novartis, Gilead/Kite, BMS, Bluebird Bio","Gene therapy for beta-thalassemia, CRISPR stem cells, CAR-T optimization","UCSF, NIH/NCI, CIRM, Bluebird Bio",1000+ stem cell transplants,Yes - Comprehensive,Yes,"Patient navigation, Financial assistance, Integrative medicine, Translation"
University of Chicago Medicine,5841 S Maryland Avenue,Chicago,IL,60637,773-702-1000,https://www.uchicagomedicine.org,cancercenter@uchicago.edu,"Dr. Michael Bishop (CAR-T), Dr. Hongtao Liu, Dr. Sonali Smith","CAR-T, Gene Therapy, Stem Cell Transplant, Precision Medicine, Cellular Therapy","Kymriah, Yescarta, Breyanzi, Abecma, Tecartus","Novartis, Gilead/Kite, BMS","CAR-T for elderly patients, Reduced-intensity conditioning","University of Chicago, NIH/NCI",700+ cellular therapy patients,Yes - Comprehensive,Yes,"Older adult oncology, Geriatric assessment, Caregiver support"
Moffitt Cancer Center,12902 USF Magnolia Drive,Tampa,FL,33612,888-663-3488,https://www.moffitt.org,patientappointments@moffitt.org,"Dr. Frederick Locke (CAR-T Director), Dr. Bijal Shah, Dr. Julio Chavez","CAR-T, Gene Therapy, Immunotherapy, Stem Cell Transplant, Clinical Research","Kymriah, Yescarta, Breyanzi, Abecma, Tecartus, Carvykti","Novartis, Gilead/Kite, BMS, Janssen","Dual-targeted CAR-T, CAR-T resistance mechanisms","Moffitt, NIH/NCI, Janssen, Novartis",8000+ new cancer patients,Yes - Comprehensive,Yes,"Patient housing, International services, Clinical trial matching"
Duke Cancer Institute,2424 Erwin Road,Durham,NC,27705,888-275-3853,https://www.dukecancerinstitute.org,dci-info@duke.edu,"Dr. David Rizzieri (CAR-T), Dr. Cristina Gasparetto, Dr. Anthony Sung","CAR-T, Gene Therapy, Stem Cell Transplant, Immunotherapy, Precision Medicine","Kymriah, Yescarta, Breyanzi, Abecma, Tecartus","Novartis, Gilead/Kite, BMS","Brain tumor CAR-T, Solid tumor immunotherapy, Hemophilia gene therapy","Duke, NIH/NCI, DoD, Industry partners",1200+ transplants annually,Yes - Comprehensive,Yes,"Clinical research unit, Patient advocacy, Financial navigation, Wellness"
University of Michigan Rogel Cancer Center,1500 E Medical Center Dr,Ann Arbor,MI,48109,734-936-4000,https://www.rogelcancercenter.org,canceranswerline@med.umich.edu,"Dr. Sung Choi (CAR-T), Dr. Pavan Reddy, Dr. Radhika Takiar","CAR-T, Gene Therapy, Stem Cell Transplant, Precision Medicine, Immunotherapy","Kymriah, Yescarta, Breyanzi, Abecma","Novartis, Gilead/Kite, BMS","CAR-T manufacturing optimization, Gene therapy vectors","University of Michigan, NIH/NCI",900+ stem cell transplants,Yes - Comprehensive,Yes,"Cancer genetics program, Symptom management, Palliative care"
Northwestern Medicine - Lurie Cancer Center,676 N St Clair St,Chicago,IL,60611,312-695-0990,https://www.cancer.northwestern.edu,cancerteam@northwestern.edu,"Dr. Jessica Altman (Leukemia CAR-T), Dr. Leo Gordon, Dr. Jayesh Mehta","CAR-T, Gene Therapy, Stem Cell Transplant, Precision Oncology, Immunotherapy","Kymriah, Yescarta, Breyanzi, Abecma, Tecartus","Novartis, Gilead/Kite, BMS","Novel CAR-T targets, Bispecific antibody combinations","Northwestern, NIH/NCI, Industry",600+ CAR-T patients,Yes - Comprehensive,Yes,"Patient navigation, Survivorship program, Integrative medicine, Social work"
Emory University - Winship Cancer Institute,1365 Clifton Road NE,Atlanta,GA,30322,404-778-1900,https://www.winshipcancer.emory.edu,winship@emory.edu,"Dr. Christopher Flowers (Lymphoma CAR-T), Dr. Jonathan Kaufman, Dr. Edmund Waller","CAR-T, Gene Therapy, Stem Cell Transplant, Cellular Immunotherapy, Precision Medicine","Kymriah, Yescarta, Breyanzi, Abecma, Tecartus","Novartis, Gilead/Kite, BMS","CAR-T optimization, Checkpoint inhibitor combinations","Emory, NIH/NCI, Industry sponsors",700+ cellular therapy patients,Yes - Comprehensive,Yes,"Financial counseling, Patient assistance programs, Clinical trial support"
Vanderbilt-Ingram Cancer Center,2220 Pierce Avenue,Nashville,TN,37232,877-936-8422,https://www.vicc.org,cip@vumc.org,"Dr. Madan Jagasia (CAR-T), Dr. Carrie Kitko (Pediatric), Dr. Bipin Savani","CAR-T, Gene Therapy, Stem Cell Transplant, Immunotherapy, Precision Medicine","Kymriah, Yescarta, Breyanzi, Abecma","Novartis, Gilead/Kite, BMS","Pediatric CAR-T trials, Adult and pediatric gene therapy","Vanderbilt, NIH/NCI, St. Jude",500+ CAR-T treatments,Yes - Comprehensive,Yes,"Patient advisory council, Supportive care clinic, Survivorship"
Washington University - Siteman Cancer Center,660 S Euclid Avenue,St. Louis,MO,63110,800-600-3606,https://www.siteman.wustl.edu,info@siteman.wustl.edu,"Dr. Armin Ghobadi (CAR-T), Dr. John DiPersio, Dr. Todd Fehniger","CAR-T, Gene Therapy, Stem Cell Transplant, NK Cell Therapy, Precision Medicine","Kymriah, Yescarta, Breyanzi, Abecma, Tecartus","Novartis, Gilead/Kite, BMS, Fate Therapeutics","CAR-NK cells, Off-the-shelf immunotherapy, Gene editing","Siteman, NIH/NCI, Fate Therapeutics",800+ transplants annually,Yes - Comprehensive,Yes,"Nurse navigation, Financial counseling, Integrative therapies, Support groups"
Ohio State University - James Cancer Hospital,460 W 10th Avenue,Columbus,OH,43210,614-293-5066,https://www.cancer.osu.edu,james-line@osu.edu,"Dr. Yvonne Efebera (CAR-T), Dr. Craig Hofmeister, Dr. Samantha Jaglowski","CAR-T, Gene Therapy, Stem Cell Transplant, Precision Medicine, Immunotherapy","Kymriah, Yescarta, Breyanzi, Abecma, Tecartus","Novartis, Gilead/Kite, BMS","CAR-T for solid tumors, Gene therapy innovations","Ohio State, NIH/NCI, Industry",1000+ stem cell transplants,Yes - Comprehensive,Yes,"Transplant recovery clinic, Patient education, Financial assistance, Wellness"
University of North Carolina Lineberger,170 Manning Drive,Chapel Hill,NC,27599,919-966-3036,https://www.unclineberger.org,lineberger@med.unc.edu,"Dr. Catherine Cheng (CAR-T), Dr. Natalie Callander, Dr. William Wood","CAR-T, Gene Therapy, Stem Cell Transplant, Hemophilia Gene Therapy, Immunotherapy","Kymriah, Yescarta, Breyanzi, Roctavian (hemophilia)","Novartis, Gilead/Kite, BioMarin","Hemophilia A and B gene therapy, CAR-T optimization","UNC, NIH/NHLBI, BioMarin",500+ CAR-T and gene therapy,Yes - Comprehensive,Yes,"Hemophilia treatment center, Genetic counseling, Patient advocacy"
University of Colorado Cancer Center,1665 Aurora Court,Aurora,CO,80045,720-848-0300,https://www.coloradocancercenter.org,cccinformation@cuanschutz.edu,"Dr. Peter Forman (CAR-T), Dr. Tomer Mark, Dr. Clayton Smith","CAR-T, Gene Therapy, Stem Cell Transplant, Precision Medicine, Immunotherapy","Kymriah, Yescarta, Breyanzi, Abecma","Novartis, Gilead/Kite, BMS","High-altitude immunotherapy studies, CAR-T optimization","University of Colorado, NIH/NCI",600+ cellular therapy patients,Yes - Comprehensive,Yes,"Patient navigation, Financial services, Survivorship, Integrative medicine"
University of Pittsburgh Medical Center,5150 Centre Avenue,Pittsburgh,PA,15232,412-647-2811,https://www.upmc.com/services/cancer,UPMCCancerCenter@upmc.edu,"Dr. Kathleen Dorritie (CAR-T), Dr. Anastacia Lovelace, Dr. Rafic Farah","CAR-T, Gene Therapy, Stem Cell Transplant, Cellular Immunotherapy, Precision Medicine","Kymriah, Yescarta, Breyanzi, Abecma","Novartis, Gilead/Kite, BMS","Novel CAR-T constructs, Combination immunotherapy","UPMC, NIH/NCI, Industry",500+ CAR-T treatments,Yes - Comprehensive,Yes,"Clinical trial matching, Patient education, Support services, Financial"
Huntsman Cancer Institute,2000 Circle of Hope,Salt Lake City,UT,84112,801-587-4658,https://www.huntsmancancer.org,hci-info@hci.utah.edu,"Dr. Tibor Kovacsovics (CAR-T), Dr. Anna Beck Petersen, Dr. Martha Glenn","CAR-T, Gene Therapy, Stem Cell Transplant, Hereditary Cancer, Precision Medicine","Kymriah, Yescarta, Breyanzi, Abecma","Novartis, Gilead/Kite, BMS","CAR-T for hereditary cancers, Gene therapy for genetic disorders","Huntsman, NIH/NCI, Industry",400+ cellular therapy patients,Yes - Comprehensive,Yes,"Cancer genetics services, High-risk clinic, Family cancer assessment"
University of Alabama at Birmingham,1824 6th Avenue South,Birmingham,AL,35233,205-934-4011,https://www.uab.edu/medicine/cancer,cancerinfo@uabmc.edu,"Dr. Amitkumar Mehta (CAR-T), Dr. Luciano Costa, Dr. Donna Salzman","CAR-T, Gene Therapy, Stem Cell Transplant, Immunotherapy, Precision Medicine","Kymriah, Yescarta, Breyanzi, Abecma, Tecartus","Novartis, Gilead/Kite, BMS","CAR-T for multiple myeloma, Novel cellular therapies","UAB, NIH/NCI, Industry",600+ transplants annually,Yes - Comprehensive,Yes,"Patient navigation, Financial counseling, Supportive care, Trial coordination"
University of Wisconsin Carbone Cancer Center,600 Highland Avenue,Madison,WI,53792,608-265-1700,https://www.uwhealth.org/cancer,uwccc@uwcarbone.wisc.edu,"Dr. Natalie Callander (CAR-T), Dr. Peiman Hematti, Dr. Christian Capitini","CAR-T, Gene Therapy, Stem Cell Transplant, Pediatric CAR-T, Immunotherapy","Kymriah, Yescarta, Breyanzi, Abecma","Novartis, Gilead/Kite, BMS","Pediatric and adult CAR-T, NK cell therapy","UW Carbone, NIH/NCI, Industry",500+ cellular therapy patients,Yes - Comprehensive,Yes,"Pediatric and adult services, Patient education, Support programs"
University of Minnesota Medical Center,420 Delaware Street SE,Minneapolis,MN,55455,612-624-8484,https://www.cancer.umn.edu,cancerinfo@umn.edu,"Dr. Veronika Bachanova (CAR-T), Dr. Erica Warlick, Dr. Jeffrey Miller","CAR-T, Gene Therapy, Stem Cell Transplant, NK Cell Therapy, Cord Blood","Kymriah, Yescarta, Breyanzi, Abecma","Novartis, Gilead/Kite, BMS, Fate","CAR-NK therapy, Cord blood innovations, Gene-edited cells","University of Minnesota, NIH/NCI, Fate",800+ transplants annually,No,Yes,"Cord blood bank, NK cell therapy program, Patient support"
University of Maryland Greenebaum,22 S Greene Street,Baltimore,MD,21201,410-328-7904,https://www.umgcc.org,cancerinfo@umm.edu,"Dr. Aaron Rapoport (CAR-T), Dr. Ashraf Badros, Dr. Nancy Hardy","CAR-T, Gene Therapy, Stem Cell Transplant, Immunotherapy, Precision Medicine","Kymriah, Yescarta, Breyanzi, Abecma","Novartis, Gilead/Kite, BMS","CAR-T optimization, Novel immunotherapy","University of Maryland, NIH/NCI",400+ CAR-T patients,Yes - Comprehensive,Yes,"Patient navigation, Financial assistance, Survivorship program"
Indiana University Simon Cancer Center,535 Barnhill Drive,Indianapolis,IN,46202,888-600-4822,https://www.cancer.iu.edu,iusccc@iu.edu,"Dr. Mohammad Abu Zaid (CAR-T), Dr. Sherif Farag, Dr. Rafat Abonour","CAR-T, Gene Therapy, Stem Cell Transplant, Precision Medicine, Immunotherapy","Kymriah, Yescarta, Breyanzi, Abecma","Novartis, Gilead/Kite, BMS","CAR-T for B-cell malignancies, Gene therapy trials","IU Simon, NIH/NCI, Industry",500+ cellular therapy treatments,Yes - Comprehensive,Yes,"Patient navigation, Support groups, Financial counseling, Trial support"
Banner MD Anderson Cancer Center,2946 E Banner Gateway Drive,Gilbert,AZ,85234,480-256-6444,https://www.bannerhealth.com/services/cancer-care,mdaccpatientinfo@bannerhealth.com,"Dr. Alexis Duffy (CAR-T), Dr. Vivek Roy, Dr. Anne Palicki","CAR-T, Stem Cell Transplant, Immunotherapy, Precision Medicine, Cellular Therapy","Kymriah, Yescarta, Breyanzi, Abecma","Novartis, Gilead/Kite, BMS","CAR-T clinical trials, Novel immunotherapy","Banner MD Anderson, MD Anderson",300+ CAR-T treatments,No,Yes,"Patient education, Financial navigation, Survivorship care, Support"
Hackensack Meridian John Theurer Cancer Center,92 Second Street,Hackensack,NJ,07601,551-996-5900,https://www.jtcancercenter.org,jtccinfo@hackensackmeridian.org,"Dr. David Siegel (CAR-T Director), Dr. Michele Donato, Dr. Andrew Ip","CAR-T, Gene Therapy, Stem Cell Transplant, Immunotherapy, Precision Medicine","Kymriah, Yescarta, Breyanzi, Abecma, Tecartus, Carvykti","Novartis, Gilead/Kite, BMS, Janssen","CAR-T trials, BCMA-targeted therapies","John Theurer, NIH, Industry",1200+ stem cell transplants,No,Yes,"Patient navigation, Financial counseling, Integrative medicine, Support groups"
Mayo Clinic - Arizona,5777 E Mayo Blvd,Phoenix,AZ,85054,480-515-6296,https://www.mayoclinic.org,cancerinfo@mayo.edu,"Dr. Jose Leis (CAR-T), Dr. Yi Lin, Dr. Hemant Murthy","CAR-T, Gene Therapy, Stem Cell Transplant, Immunotherapy, Precision Medicine","Kymriah, Yescarta, Breyanzi, Abecma, Tecartus","Novartis, Gilead/Kite, BMS, Janssen","CAR-T optimization trials, Solid tumor immunotherapy","Mayo Clinic, NIH, Industry",600+ transplants annually,Yes - Comprehensive,Yes,"Integrated care, Travel services, Second opinions, Supportive care"
Mayo Clinic - Florida,4500 San Pablo Road,Jacksonville,FL,32224,904-953-2000,https://www.mayoclinic.org,mayoclinicjax@mayo.edu,"Dr. Sikander Ailawadhi (Myeloma CAR-T), Dr. Vivek Roy, Dr. Mohamed Kharfan-Dabaja","CAR-T, Gene Therapy, Stem Cell Transplant, Multiple Myeloma, Immunotherapy","Kymriah, Yescarta, Breyanzi, Abecma, Carvykti","Novartis, Gilead/Kite, BMS, Janssen","Multiple myeloma CAR-T, Novel BCMA therapies","Mayo Clinic, NIH, Janssen, BMS",400+ cellular therapy patients,Yes - Comprehensive,Yes,"Patient navigation, International services, Clinical research support"
Children's Hospital of Philadelphia,3401 Civic Center Blvd,Philadelphia,PA,19104,215-590-1000,https://www.chop.edu/centers-programs/cell-therapy-and-transplant,cancer@chop.edu,"Dr. Stephan Grupp (Pediatric CAR-T Pioneer), Dr. Lisa Wray, Dr. Timothy Olson","Pediatric CAR-T, Pediatric Gene Therapy, Stem Cell Transplant, Immunotherapy","Kymriah (pediatric trials conducted here), Yescarta, Experimental CAR-T","Novartis, Gilead/Kite, CHOP Research","Pediatric ALL CAR-T, Novel pediatric immunotherapies","CHOP, NIH/NCI, Novartis, St. Jude",400+ pediatric transplants,No,Yes,"Child Life services, Family housing, Educational support, Psychosocial care"
St. Jude Children's Research Hospital,262 Danny Thomas Place,Memphis,TN,38105,901-595-3300,https://www.stjude.org,referralinfo@stjude.org,"Dr. Stephen Gottschalk (CAR-T), Dr. Aimee Talleur, Dr. Brandon Triplett","Pediatric CAR-T, Pediatric Gene Therapy, Stem Cell Transplant, Immunotherapy","Kymriah, Experimental pediatric CAR-T therapies","Novartis, St. Jude developed therapies","Pediatric solid tumor CAR-T, Gene therapy for inherited disorders","St. Jude, NIH/NCI, ALSAC",300+ pediatric cellular therapies,No,Yes,"No cost for treatment, Housing provided, Travel assistance, Family support"
Seattle Children's Hospital,4800 Sand Point Way NE,Seattle,WA,98105,206-987-2000,https://www.seattlechildrens.org/clinics/cancer-blood-disorders,cancer.referrals@seattlechildrens.org,"Dr. Rebecca Gardner (Pediatric CAR-T), Dr. Julie Park, Dr. Rimas Orentas","Pediatric CAR-T, Gene Therapy, Stem Cell Transplant, Immunotherapy","Kymriah, Experimental CAR-T for solid tumors","Novartis, Seattle Children's Research","Pediatric CAR-T for solid tumors, Novel constructs","Seattle Children's, NIH/NCI, Industry",250+ pediatric transplants,No,Yes,"Ronald McDonald House, Family resources, Child Life, Education services"
Boston Children's Hospital,300 Longwood Avenue,Boston,MA,02115,617-355-6000,https://www.childrenshospital.org/programs/cancer-and-blood-disorders,canceranswers@childrens.harvard.edu,"Dr. Leslie Lehmann (Stem Cell), Dr. Barrett Rollins, Dr. Christine Duncan","Pediatric Stem Cell Transplant, CAR-T, Gene Therapy, Immunotherapy","Kymriah, Experimental pediatric therapies, Gene therapy protocols","Novartis, Boston Children's, Harvard","Pediatric immunotherapy trials, Gene therapy for genetic disorders","Boston Children's, NIH, Dana-Farber",200+ pediatric transplants,No,Yes,"Family housing, Child Life, Social work, Educational support, Sibling programs"
Texas Children's Hospital,6621 Fannin Street,Houston,TX,77030,832-824-4000,https://www.texaschildrens.org/departments/cancer-and-hematology,cancercenter@texaschildrens.org,"Dr. Carl Allen (Pediatric Oncology), Dr. Chrystal Louis, Dr. Priti Tewari","Pediatric CAR-T, Gene Therapy, Stem Cell Transplant, Sickle Cell Gene Therapy","Kymriah, Experimental CAR-T, Gene therapy for sickle cell","Novartis, Bluebird Bio, Texas Children's","Pediatric CAR-T trials, Sickle cell gene therapy","Texas Children's, NIH/NCI, Bluebird Bio",300+ pediatric transplants,No,Yes,"Family housing, Child Life services, Educational support, Sibling care"
Children's National Hospital,111 Michigan Avenue NW,Washington,DC,20010,202-476-5000,https://childrensnational.org/departments/cancer-blood-disorders,cancerinfo@childrensnational.org,"Dr. Catherine Bollard (Pediatric Cellular Therapy), Dr. David Jacobsohn, Dr. Fahmida Hoq","Pediatric CAR-T, Gene Therapy, Stem Cell Transplant, Viral-Specific T Cells","Kymriah, VST therapies, Experimental CAR-T","Novartis, Children's National developed therapies","Pediatric immunotherapy, Viral-specific T cell therapy","Children's National, NIH/NCI",150+ pediatric transplants,No,Yes,"Family housing, Child Life, Educational services, Psychosocial support"
UCSF Benioff Children's Hospital,1825 Fourth Street,San Francisco,CA,94158,415-476-2188,https://www.ucsfbenioffchildrens.org/clinics/cancer-blood-disease,pediatriccancer@ucsf.edu,"Dr. Michelle Hermiston (Pediatric Oncology), Dr. Janice Brown, Dr. Alyssa Desai","Pediatric CAR-T, Gene Therapy, Stem Cell Transplant, Neuroblastoma Immunotherapy","Kymriah, GD2-targeted immunotherapy, Experimental CAR-T","Novartis, UCSF developed therapies","Pediatric immunotherapy, Neuroblastoma CAR-T trials","UCSF, NIH/NCI, CIRM",200+ pediatric therapies,No,Yes,"Family housing, Child Life, Translation services, Sibling support"
Cleveland Clinic - Multiple Sclerosis Center,9500 Euclid Avenue,Cleveland,OH,44195,216-444-8600,https://www.clevelandclinic.org/neurologicalinstitute/mellen-center,mellencenter@ccf.org,"Dr. Jeffrey Cohen (MS Director), Dr. Robert Fox, Dr. Daniel Ontaneda","Multiple Sclerosis, Neuromyelitis Optica, HSCT for MS, Autoimmune Neurology","Ocrevus, Kesimpta, Tysabri, Mavenclad, Zeposia","Genentech/Roche, Novartis, Biogen, EMD Serono, BMS","HSCT for aggressive MS, Neuroprotection trials, Remyelination therapies","Cleveland Clinic, NMSS, NIH/NINDS",3000+ MS patients,No,No,"MS nurse specialists, Infusion center, MRI program, Physical therapy, Cognitive rehab"
Johns Hopkins MS Center,600 N Wolfe Street,Baltimore,MD,21287,410-955-5000,https://www.hopkinsmedicine.org/neurology_neurosurgery/centers_clinics/multiple_sclerosis,mscenter@jhmi.edu,"Dr. Scott Newsome (MS Director), Dr. Kathryn Fitzgerald, Dr. Pavan Bhargava","Multiple Sclerosis, Progressive MS, Neuromyelitis Optica, MS Stem Cell","Ocrevus, Kesimpta, Tysabri, Mavenclad, Zeposia, Briumvi","Genentech, Novartis, Biogen, EMD Serono, BMS, TG Therapeutics","HSCT for MS, Progressive MS trials, Neuroprotection","Johns Hopkins, NMSS, NIH/NINDS, PCORI",2500+ MS patients,No,No,"MS specialty pharmacy, Infusion services, Neuro-rehabilitation, Research"
UCSF Weill Institute MS Center,675 Nelson Rising Lane,San Francisco,CA,94158,415-353-2069,https://www.ucsfhealth.org/clinics/multiple_sclerosis_center,mscenter@ucsf.edu,"Dr. Stephen Hauser (MS Pioneer), Dr. Ari Green, Dr. Bruce Cree","Multiple Sclerosis, Progressive MS, Pediatric MS, Stem Cell for MS","Ocrevus, Kesimpta, Tysabri, Mavenclad, Zeposia, Rituxan","Genentech/Roche, Novartis, Biogen, EMD Serono, BMS","B-cell depletion studies, Progressive MS biomarkers, Remyelination, HSCT","UCSF, NMSS, NIH/NINDS, Rachleff",4000+ MS patients,No,No,"Research participation, MRI research center, MS specialty clinic, Cognitive testing"
Massachusetts General Hospital MS Center,165 Cambridge Street,Boston,MA,02114,617-726-2000,https://www.massgeneral.org/neurology/treatments-and-services/multiple-sclerosis,mscenter@mgh.harvard.edu,"Dr. Tanuja Chitnis (MS Director), Dr. Brian Healy, Dr. Bonnie Glanz","Multiple Sclerosis, Pediatric MS, Progressive MS, MS Neuroimaging","Ocrevus, Kesimpta, Tysabri, Mavenclad, Zeposia, Gilenya","Genentech, Novartis, Biogen, EMD Serono, BMS","Advanced neuroimaging, Pediatric MS trials, Precision medicine","MGH, NMSS, NIH/NINDS, Industry",3500+ MS patients,No,No,"Pediatric MS program, Advanced MRI protocols, Physical therapy, Wellness"
NYU Langone MS Center,240 E 38th Street,New York,NY,10016,646-501-7600,https://nyulangone.org/locations/multiple-sclerosis-comprehensive-care-center,mscenter@nyulangone.org,"Dr. Ilya Kister (MS Director), Dr. Lana Zhovtis Ryerson, Dr. Leigh Charvet","Multiple Sclerosis, Pediatric MS, MS Cognition, Stem Cell MS","Ocrevus, Kesimpta, Tysabri, Mavenclad, Zeposia, Vumerity","Genentech, Novartis, Biogen, EMD Serono, BMS","Cognitive rehabilitation, Pediatric MS outcomes, Novel imaging","NYU, NMSS, NIH/NINDS, Industry",2800+ MS patients,No,No,"Cognitive testing center, Infusion suite, MS nurse coordination, Physical therapy"
University of Pennsylvania MS Center,3400 Civic Center Blvd,Philadelphia,PA,19104,215-662-3606,https://www.pennmedicine.org/neurology/multiple-sclerosis,mscenter@pennmedicine.org,"Dr. Amit Bar-Or (MS Immunology), Dr. Clyde Markowitz","Multiple Sclerosis, Progressive MS, MS Immunology, Stem Cell Therapy","Ocrevus, Kesimpta, Tysabri, Mavenclad, Zeposia","Genentech, Novartis, Biogen, EMD Serono, BMS","B-cell biology in MS, HSCT for aggressive MS, Progressive MS therapeutics","Penn Medicine, NMSS, NIH/NINDS",2000+ MS patients,No,No,"MS specialty pharmacy, Clinical trial unit, Physical medicine, Patient education"
Columbia University MS Center,710 W 168th Street,New York,NY,10032,212-305-1818,https://www.columbiamsneurology.org,mscenter@cumc.columbia.edu,"Dr. Claire Riley (MS Director), Dr. Saud Sadiq","Multiple Sclerosis, Stem Cell MS, Progressive MS, Autoimmune Neurology","Ocrevus, Kesimpta, Tysabri, Mavenclad, Zeposia","Genentech, Novartis, Biogen, EMD Serono, BMS","Neural stem cell therapy for MS, Progressive MS trials","Columbia, NMSS, Tisch MS Research, NIH",3000+ MS patients,No,No,"Neural stem cell program, Infusion center, MS rehabilitation, Research"
Mount Sinai MS Center,5 E 98th Street,New York,NY,10029,212-241-6500,https://www.mountsinai.org/locations/multiple-sclerosis-center,mscenter@mountsinai.org,"Dr. Aaron Miller (MS Director), Dr. Fred Lublin, Dr. Stephen Krieger","Multiple Sclerosis, Progressive MS, Clinical Trials, Stem Cell Research","Ocrevus, Kesimpta, Tysabri, Mavenclad, Zeposia, Ponvory","Genentech, Novartis, Biogen, EMD Serono, BMS, Janssen","Progressive MS therapeutics, Neuroprotection trials, Biomarker development","Mount Sinai, NMSS, NIH/NINDS",2500+ MS patients,No,No,"Clinical trials unit, Infusion center, MS fellowship training, Patient support"
UT Southwestern MS Center,5323 Harry Hines Blvd,Dallas,TX,75390,214-645-8300,https://www.utsouthwestern.edu/education/medical-school/departments/neurology/programs/multiple-sclerosis,neuro.scheduling@utsouthwestern.edu,"Dr. Olaf Stuve (MS Research), Dr. Darin Okuda, Dr. Benjamin Greenberg","Multiple Sclerosis, Neuromyelitis Optica, MOG Disease, Stem Cell MS","Ocrevus, Kesimpta, Tysabri, Mavenclad, Zeposia, Enspryng","Genentech/Roche, Novartis, Biogen, EMD Serono, BMS","NMO spectrum disorder trials, MS immunology, Novel therapeutics","UT Southwestern, NMSS, NIH/NINDS, Guthy-Jackson",1800+ MS/NMO patients,No,No,"NMO Center of Excellence, Infusion services, Clinical trials, Neuro-ophthalmology"
Cedars-Sinai MS Center,127 S San Vicente Blvd,Los Angeles,CA,90048,310-423-6472,https://www.cedars-sinai.org/programs/multiple-sclerosis,mscenter@cshs.org,"Dr. Nancy Sicotte (MS Director), Dr. Shanthi Sivendran","Multiple Sclerosis, Neuromyelitis Optica, Autoimmune Encephalitis, MS Stem Cell","Ocrevus, Kesimpta, Tysabri, Mavenclad, Zeposia","Genentech, Novartis, Biogen, EMD Serono, BMS","MS imaging biomarkers, Neuroprotection strategies, Advanced MRI","Cedars-Sinai, NMSS, NIH/NINDS",2200+ MS patients,No,No,"Advanced imaging center, Infusion clinic, Clinical research unit, Wellness"
Stanford MS Center,213 Quarry Road,Palo Alto,CA,94304,650-723-6469,https://med.stanford.edu/ms-center.html,mscenter@stanford.edu,"Dr. May Han (MS Director), Dr. Emmanuel Waubant, Dr. Lawrence Steinman","Multiple Sclerosis, Pediatric MS, Progressive MS, Precision Medicine","Ocrevus, Kesimpta, Tysabri, Mavenclad, Zeposia","Genentech, Novartis, Biogen, EMD Serono, BMS","Pediatric MS research, Remyelination trials, Precision medicine","Stanford, NMSS, NIH/NINDS, PCORI",2000+ MS patients incl pediatric,No,No,"Pediatric MS clinic, Research participation, MRI research, Physical therapy"
Northwestern Medicine MS Center,710 N Lake Shore Drive,Chicago,IL,60611,312-695-7950,https://www.nm.org/conditions-and-care-areas/neurology/multiple-sclerosis,mscenter@nm.org,"Dr. Ayal Romm (MS Director), Dr. Douglas Jeffery, Dr. Ann Bass","Multiple Sclerosis, Progressive MS, MS Pregnancy, Stem Cell MS","Ocrevus, Kesimpta, Tysabri, Mavenclad, Zeposia","Genentech, Novartis, Biogen, EMD Serono, BMS","MS pregnancy registry, Progressive MS studies, Novel imaging","Northwestern, NMSS, NIH/NINDS",1800+ MS patients,No,No,"Pregnancy and MS program, Infusion center, Clinical trials, Support groups"
Duke MS Center,932 Morreene Road,Durham,NC,27705,919-668-7600,https://neurology.duke.edu/patient-care/multiple-sclerosis,msclinic@duke.edu,"Dr. Christopher Luzzio (MS), Dr. Kim Jordan","Multiple Sclerosis, Neuromyelitis Optica, MOG Disease, MS Rehabilitation","Ocrevus, Kesimpta, Tysabri, Mavenclad, Zeposia","Genentech, Novartis, Biogen, EMD Serono, BMS","MS rehabilitation outcomes, Cognitive interventions, QOL studies","Duke, NMSS, NIH/NINDS, PCORI",1500+ MS patients,No,No,"MS rehabilitation program, Cognitive clinic, Nurse specialists, PT"
Brigham and Women's MS Center,60 Fenwood Road,Boston,MA,02115,617-732-5500,https://www.brighamandwomens.org/neurology/multiple-sclerosis-and-neuroimmunology,mscenter@bwh.harvard.edu,"Dr. Howard Weiner (MS Pioneer), Dr. Rohit Bakshi, Dr. Bonnie Glanz","Multiple Sclerosis, MS Imaging, Oral Tolerance, Progressive MS","Ocrevus, Kesimpta, Tysabri, Mavenclad, Zeposia, Tecfidera","Genentech, Novartis, Biogen, EMD Serono, BMS","Oral tolerance immunotherapy, Advanced neuroimaging, Biomarker discovery","Brigham, NMSS, NIH/NINDS",3000+ MS patients,No,No,"MS imaging center, Research studies, Infusion services, Multidisciplinary care"
University of Miami MS Center,1120 NW 14th Street,Miami,FL,33136,305-243-3049,https://umiamihealth.org/en/treatments-and-services/neurology/multiple-sclerosis,mscenter@med.miami.edu,"Dr. Mauricio Farez (MS Research), Dr. Carolina Ionete","Multiple Sclerosis, Latin American MS Research, Progressive MS, Stem Cell","Ocrevus, Kesimpta, Tysabri, Mavenclad, Zeposia","Genentech, Novartis, Biogen, EMD Serono, BMS","MS epidemiology, Health disparities research, Progressive MS trials","University of Miami, NMSS, NIH/NINDS",1600+ MS patients,No,No,"Spanish language services, Clinical trials, Infusion center, Community outreach"
Cleveland Clinic Miller Heart Institute,9500 Euclid Avenue,Cleveland,OH,44195,216-445-9288,https://my.clevelandclinic.org/departments/heart,heartinfo@ccf.org,"Dr. Samir Kapadia (Interventional), Dr. Milind Desai, Dr. James Young","Heart Failure, CAR-T Cardiotoxicity, Cardio-Oncology, Gene Therapy for Heart","Mavacamten, Tafamidis, PCSK9 inhibitors, Gene therapy protocols","BMS, Pfizer, Amgen, Regeneron","Gene therapy for heart failure, CAR-T cardioprotection","Cleveland Clinic, NIH/NHLBI, AHA",1500+ advanced heart failure patients,No,No,"Cardio-oncology program, Heart failure clinic, Advanced imaging, Cardiac rehab"
Mayo Clinic Cardiovascular,200 First Street SW,Rochester,MN,55905,507-284-2511,https://www.mayoclinic.org/departments-centers/cardiovascular-diseases,heartcenter@mayo.edu,"Dr. Barry Borlaug (Heart Failure), Dr. Leslie Cooper, Dr. Iftikhar Kullo","Heart Failure, Cardiomyopathy, Precision Cardiology, Genetic Heart Disease","Mavacamten, Tafamidis, Vyndaqel, PCSK9 inhibitors, Gene therapy","BMS, Pfizer, Amgen, Regeneron","Precision medicine for cardiomyopathy, Gene therapy for inherited heart disease","Mayo Clinic, NIH/NHLBI, AHA",2000+ heart failure patients,No,No,"Cardiogenetics clinic, Precision cardiology, Family screening, Genetic counseling"
Duke Heart Center,2301 Erwin Road,Durham,NC,27710,919-684-2407,https://cardiology.duke.edu,heartinfo@duke.edu,"Dr. Adrian Hernandez (Heart Failure), Dr. Joseph Rogers, Dr. Carmelo Milano","Heart Failure, Advanced HF, Cell Therapy, Cardio-Oncology","Mavacamten, Tafamidis, Cell-based therapies, PCSK9 inhibitors","BMS, Pfizer, Mesoblast, Amgen, Regeneron","Stem cell therapy for heart failure, Cardio-oncology trials","Duke, NIH/NHLBI, AHA, Industry",1800+ heart failure patients,No,No,"Cardio-oncology clinic, Heart failure program, Cardiac rehab, Research"
Johns Hopkins Heart Institute,600 N Wolfe Street,Baltimore,MD,21287,410-955-5000,https://www.hopkinsmedicine.org/heart_vascular_institute,heartinstitute@jhmi.edu,"Dr. Stuart Russell (Heart Failure), Dr. Ryan Tedford, Dr. Kavita Sharma","Heart Failure, Pulmonary Hypertension, Cardiomyopathy, Precision Cardiology","Mavacamten, Tafamidis, Sotatercept, PCSK9 inhibitors","BMS, Pfizer, Merck, Amgen, Regeneron","Pulmonary hypertension precision medicine, Gene therapy for cardiomyopathy","Johns Hopkins, NIH/NHLBI, AHA",1500+ heart failure patients,No,No,"Pulmonary hypertension program, Genetic counseling, Advanced imaging, Support"
Massachusetts General Heart Center,55 Fruit Street,Boston,MA,02114,617-726-2000,https://www.massgeneral.org/heart-center,heartcenter@mgh.harvard.edu,"Dr. Marc Semigran (Heart Failure), Dr. James Januzzi, Dr. Akshay Desai","Heart Failure, Precision Cardiology, Cardio-Oncology, Advanced Therapeutics","Mavacamten, Tafamidis, Entresto, PCSK9 inhibitors","BMS, Pfizer, Novartis, Amgen, Regeneron","Biomarker-guided therapy, Cardio-oncology research, Novel HF medications","MGH, NIH/NHLBI, AHA, Industry",2000+ heart failure patients,No,No,"Cardio-oncology service, Heart failure clinic, Genetic testing, Rehabilitation"
Northwestern Bluhm Cardiovascular,676 N St Clair St,Chicago,IL,60611,312-695-0061,https://www.nm.org/conditions-and-care-areas/heart-and-vascular,heartinfo@nm.org,"Dr. Clyde Yancy (Cardiology), Dr. Jane Wilcox, Dr. Duc Pham","Heart Failure, Preventive Cardiology, Women's Heart, Advanced HF","Mavacamten, Tafamidis, Entresto, PCSK9 inhibitors","BMS, Pfizer, Novartis, Amgen, Regeneron","Women's cardiovascular health, HFpEF studies","Northwestern, NIH/NHLBI, AHA",1600+ heart failure patients,No,No,"Women's cardiovascular center, HF clinic, Prevention program, Cardiac rehab"
Cedars-Sinai Smidt Heart Institute,127 S San Vicente Blvd,Los Angeles,CA,90048,310-423-3816,https://www.cedars-sinai.org/programs/heart,heartinstitute@cshs.org,"Dr. Eduardo Marban (Stem Cell Pioneer), Dr. Raj Makkar, Dr. Michelle Kittleson","Heart Failure, Stem Cell Therapy, Interventional, Women's Heart","Mavacamten, Tafamidis, CAP-1002 (CDC cells), PCSK9 inhibitors","BMS, Pfizer, Capricor, Amgen, Regeneron","Cardiosphere-derived cell therapy, Precision cardiology, Regenerative medicine","Cedars-Sinai, NIH/NHLBI, AHA, Capricor",2000+ heart patients,No,No,"Regenerative medicine, Women's heart center, Advanced imaging, Research"
Stanford Cardiovascular Institute,300 Pasteur Drive,Stanford,CA,94305,650-723-6661,https://med.stanford.edu/cardiovascular.html,cardiovascular@stanford.edu,"Dr. Joseph Wu (Stem Cell), Dr. Kiran Khush, Dr. Sean Pinney","Heart Failure, Stem Cell Cardiology, Precision Medicine, Advanced HF","Mavacamten, Tafamidis, iPSC therapies, PCSK9 inhibitors","BMS, Pfizer, Stanford CVI, Amgen, Regeneron","iPSC-derived cardiac cells, Precision cardiology genomics, Novel biologics","Stanford, NIH/NHLBI, AHA, CIRM",1800+ heart failure patients,No,No,"Precision cardiology clinic, Stem cell program, Genetic counseling, Trials"
UCLA Cardiovascular Center,100 Medical Plaza,Los Angeles,CA,90095,310-206-6386,https://www.uclahealth.org/heart,cardiovascular@mednet.ucla.edu,"Dr. Gregg Fonarow (Heart Failure), Dr. Eric Adler, Dr. Robb MacLellan","Heart Failure, Regenerative Cardiology, Cardiomyopathy, Precision Medicine","Mavacamten, Tafamidis, Entresto, PCSK9 inhibitors, Cell therapies","BMS, Pfizer, Novartis, Amgen, Regeneron","Regenerative cardiology trials, Precision medicine for cardiomyopathy","UCLA, NIH/NHLBI, AHA, CIRM",1700+ heart failure patients,No,No,"Regenerative medicine clinic, HF center, Genetic testing, Rehabilitation"
Columbia Heart Center,161 Fort Washington Ave,New York,NY,10032,212-305-5098,https://www.cardiologycolumbia.org,heartcenter@cumc.columbia.edu,"Dr. Donna Mancini (Heart Failure), Dr. Mathew Maurer, Dr. Nir Uriel","Heart Failure, Cardiac Amyloidosis, Advanced HF, Precision Cardiology","Mavacamten, Tafamidis, Vyndamax, ATTR-targeted therapies","BMS, Pfizer, Alnylam, Ionis, Eidos","Cardiac amyloidosis precision therapy, Gene silencing for ATTR","Columbia, NIH/NHLBI, AHA, Pfizer, Alnylam",1500+ HF incl amyloidosis,No,No,"Amyloidosis center of excellence, Advanced HF, Genetic counseling"
UPMC Heart and Vascular,200 Lothrop Street,Pittsburgh,PA,15213,412-647-8762,https://www.upmc.com/services/heart-vascular,heartvascular@upmc.edu,"Dr. Gavin Hickey (Cardiac Surgery), Dr. Mary Norine Walsh, Dr. Dennis McNamara","Heart Failure, Cardiac Surgery, Interventional, Cardiomyopathy","Mavacamten, Tafamidis, Entresto, PCSK9 inhibitors","BMS, Pfizer, Novartis, Amgen, Regeneron","Novel heart failure therapeutics, Minimally invasive cardiac surgery","UPMC, NIH/NHLBI, AHA, Industry",1400+ heart failure patients,No,No,"Heart failure program, Cardiac surgery excellence, Rehabilitation, Trials"
UCSF Heart and Vascular Center,505 Parnassus Avenue,San Francisco,CA,94143,415-353-2873,https://www.ucsfhealth.org/clinics/heart_and_vascular_center,heartcenter@ucsf.edu,"Dr. Teresa De Marco (Heart Failure), Dr. Liviu Klein, Dr. Priscilla Hsue","Heart Failure, Cardio-Oncology, Pulmonary Hypertension, Precision Medicine","Mavacamten, Tafamidis, Sotatercept, PCSK9 inhibitors","BMS, Pfizer, Merck, Amgen, Regeneron","Cardio-oncology research, PAH trials, Women's heart health","UCSF, NIH/NHLBI, AHA, Industry",1500+ heart failure patients,No,No,"Cardio-oncology clinic, PAH center, Women's cardiovascular health"
Emory Heart and Vascular Center,1365 Clifton Road NE,Atlanta,GA,30322,404-778-5000,https://www.emoryhealthcare.org/heart-vascular,heartcenter@emory.edu,"Dr. Alanna Morris (Heart Failure), Dr. J. David Vega, Dr. Mwansa Ketema","Heart Failure, Advanced HF, Women's Cardiology, Transplant Cardiology","Mavacamten, Tafamidis, Entresto, PCSK9 inhibitors","BMS, Pfizer, Novartis, Amgen, Regeneron","Women's cardiovascular health, HF device trials, Novel therapeutics","Emory, NIH/NHLBI, AHA, Industry",1300+ heart failure patients,No,No,"Women's heart center, HF clinic, Transplant program, Cardiac rehab"
Kaiser Permanente Los Angeles Medical Center,4867 Sunset Blvd,Los Angeles,CA,90027,323-783-4011,https://healthy.kaiserpermanente.org,cancerservices@kp.org,"Dr. Michael Gould (Oncology), Dr. Debra Ritzwoller","CAR-T, Stem Cell Transplant, Community Cancer Care, Precision Medicine","Kymriah, Yescarta, Breyanzi, Abecma","Novartis, Gilead/Kite, BMS","Community-based CAR-T delivery, Quality outcomes research","Kaiser Permanente, Industry sponsors",400+ CAR-T patients,No,Yes,"Integrated care, Member resources, Financial counseling, Support groups"
Scripps MD Anderson Cancer Center,10666 N Torrey Pines Road,La Jolla,CA,92037,858-554-9100,https://www.scripps.org/services/cancer-care,cancer@scripps.org,"Dr. James Mason (Medical Oncology), Dr. Carolyn Briggs","CAR-T, Stem Cell Transplant, Precision Oncology, Immunotherapy","Kymriah, Yescarta, Breyanzi, Abecma","Novartis, Gilead/Kite, BMS","CAR-T trials, Novel immunotherapy protocols","Scripps, MD Anderson, Industry",350+ cellular therapy patients,No,Yes,"Patient navigation, Financial counseling, Integrative medicine, Support"
University of Kansas Cancer Center,3901 Rainbow Blvd,Kansas City,KS,66160,913-588-1227,https://www.kansascancercenter.org,cancercenter@kumc.edu,"Dr. Anurag Singh (CAR-T), Dr. Joseph McGuirk, Dr. Siddhartha Ganguly","CAR-T, Gene Therapy, Stem Cell Transplant, Immunotherapy, Precision Medicine","Kymriah, Yescarta, Breyanzi, Abecma","Novartis, Gilead/Kite, BMS","CAR-T optimization, Novel cellular therapies, Gene therapy trials","University of Kansas, NIH/NCI",450+ cellular therapy patients,Yes - Designated,Yes,"Patient navigation, Financial assistance, Clinical trial support, Support groups"
University of Nebraska Medical Center,987680 Nebraska Medical Center,Omaha,NE,68198,402-559-4000,https://www.unmc.edu/cancercenter,cancercenter@unmc.edu,"Dr. Julie Vose (Lymphoma), Dr. James Armitage, Dr. Matthew Lunning","CAR-T, Stem Cell Transplant, Lymphoma Center, Immunotherapy","Kymriah, Yescarta, Breyanzi, Abecma, Tecartus","Novartis, Gilead/Kite, BMS","Lymphoma CAR-T trials, Novel immunotherapies, Bispecific antibodies","University of Nebraska, NIH/NCI",400+ CAR-T treatments,Yes - Designated,Yes,"Patient navigation, Housing assistance, Financial counseling, Support"
Medical University of South Carolina,86 Jonathan Lucas Street,Charleston,SC,29425,843-792-9300,https://muschealth.org/medical-services/cancer,hollingscancercenter@musc.edu,"Dr. Robert Stuart (CAR-T), Dr. Laura Blume, Dr. Ernesto Ayala","CAR-T, Stem Cell Transplant, Hematologic Malignancies, Gene Therapy","Kymriah, Yescarta, Breyanzi, Abecma","Novartis, Gilead/Kite, BMS","CAR-T trials, Stem cell transplant innovations, Gene therapy studies","MUSC, NIH/NCI, Industry",350+ cellular therapy patients,Yes - Designated,Yes,"Patient navigation, Financial services, Clinical trial coordination, Support"
University of Rochester Medical Center,601 Elmwood Avenue,Rochester,NY,14642,585-275-5863,https://www.urmc.rochester.edu/cancer-center,cancercenter@urmc.rochester.edu,"Dr. Jonathan Friedberg (Lymphoma), Dr. Michael Becker, Dr. Louis Weiner","CAR-T, Gene Therapy, Stem Cell Transplant, Lymphoma Immunotherapy","Kymriah, Yescarta, Breyanzi, Abecma","Novartis, Gilead/Kite, BMS","Lymphoma CAR-T optimization, Novel cellular therapies","University of Rochester, NIH/NCI",300+ CAR-T patients,Yes - Designated,Yes,"Patient navigation, Clinical trial matching, Financial assistance, Support"
Wake Forest Baptist Medical Center,Medical Center Blvd,Winston-Salem,NC,27157,336-716-2011,https://www.wakehealth.edu/cancer-center,comprehensivecancercenter@wakehealth.edu,"Dr. Dmitriy Berenzon (CAR-T), Dr. Keiko Blau, Dr. Timothy Pardee","CAR-T, Stem Cell Transplant, Acute Leukemia, Gene Therapy","Kymriah, Yescarta, Breyanzi, Abecma","Novartis, Gilead/Kite, BMS","CAR-T for AML trials, Novel immunotherapies, Gene therapy studies","Wake Forest, NIH/NCI, Industry",300+ cellular therapy patients,Yes - Designated,Yes,"Patient navigation, Financial counseling, Integrative medicine, Support"
Virginia Commonwealth University Massey Cancer Center,401 College Street,Richmond,VA,23298,804-828-0450,https://www.massey.vcu.edu,massey@vcu.edu,"Dr. Beata Holkova (CAR-T), Dr. John Roberts, Dr. David Wilkinson","CAR-T, Stem Cell Transplant, Gene Therapy, Hematologic Malignancies","Kymriah, Yescarta, Breyanzi, Abecma","Novartis, Gilead/Kite, BMS","CAR-T clinical trials, Novel cellular therapies, Gene therapy protocols","VCU Massey, NIH/NCI, Industry",300+ CAR-T treatments,Yes - Designated,Yes,"Patient navigation, Financial services, Clinical trial support, Wellness"
Medical College of Wisconsin,8701 Watertown Plank Road,Milwaukee,WI,53226,414-955-8296,https://www.mcw.edu/departments/cancer-center,cancercenter@mcw.edu,"Dr. Parameswaran Hari (Stem Cell), Dr. Nirav Shah, Dr. Binod Dhakal","CAR-T, Stem Cell Transplant, Multiple Myeloma, Gene Therapy","Kymriah, Yescarta, Breyanzi, Abecma, Carvykti","Novartis, Gilead/Kite, BMS, Janssen","Multiple myeloma CAR-T, Novel cellular therapies, Gene therapy trials","MCW, NIH/NCI, Industry sponsors",450+ transplants annually,Yes - Designated,Yes,"Patient navigation, Financial assistance, Support groups, Clinical trials"
University of Iowa Holden Cancer Center,200 Hawkins Drive,Iowa City,IA,52242,319-356-1905,https://uihc.org/holden-comprehensive-cancer-center,holden-info@healthcare.uiowa.edu,"Dr. Umar Farooq (CAR-T), Dr. Michael Lim, Dr. Carlos Vigil","CAR-T, Stem Cell Transplant, Gene Therapy, Immunotherapy","Kymriah, Yescarta, Breyanzi, Abecma","Novartis, Gilead/Kite, BMS","CAR-T optimization, Gene therapy trials, Novel immunotherapies","University of Iowa, NIH/NCI",300+ cellular therapy patients,Yes - Designated,Yes,"Patient navigation, Housing assistance, Financial counseling, Support"
University of Florida Health Cancer Center,2033 Mowry Road,Gainesville,FL,32610,352-265-0725,https://cancer.ufhealth.org,ufcanceranswerline@ufl.edu,"Dr. John Wingard (Stem Cell), Dr. Christopher Cogle, Dr. Jack Ohanian","CAR-T, Stem Cell Transplant, Gene Therapy, Hematologic Malignancies","Kymriah, Yescarta, Breyanzi, Abecma","Novartis, Gilead/Kite, BMS","CAR-T clinical trials, Gene therapy studies, Stem cell innovations","University of Florida, NIH/NCI",350+ cellular therapy patients,Yes - Designated,Yes,"Patient navigation, Financial services, Clinical trial coordination, Support"
Oregon Health & Science University,2720 S Moody Avenue,Portland,OR,97201,503-494-1080,https://www.ohsu.edu/knight-cancer-institute,cancer@ohsu.edu,"Dr. Richard Maziarz (CAR-T), Dr. Eneida Nemecek, Dr. Andy Kaempf","CAR-T, Gene Therapy, Stem Cell Transplant, Pediatric and Adult","Kymriah, Yescarta, Breyanzi, Abecma","Novartis, Gilead/Kite, BMS","CAR-T for solid tumors, Gene therapy trials, Novel cellular therapies","OHSU, NIH/NCI, Industry",400+ cellular therapy patients,Yes - Designated,Yes,"Patient navigation, Housing assistance, Financial counseling, Support groups"
University of Arizona Cancer Center,1515 N Campbell Avenue,Tucson,AZ,85724,520-694-2873,https://cancercenter.arizona.edu,uacc-contact@uacc.arizona.edu,"Dr. Daniel Persky (CAR-T), Dr. Jose Trent, Dr. Faiz Anwer","CAR-T, Stem Cell Transplant, Gene Therapy, Lymphoma","Kymriah, Yescarta, Breyanzi, Abecma","Novartis, Gilead/Kite, BMS","Lymphoma CAR-T trials, Novel cellular therapies, Gene therapy studies","University of Arizona, NIH/NCI",300+ cellular therapy patients,Yes - Designated,Yes,"Patient navigation, Financial assistance, Clinical trial support, Wellness"
University of New Mexico Cancer Center,1201 Camino de Salud NE,Albuquerque,NM,87102,505-272-4946,https://cancer.unm.edu,unmccc@salud.unm.edu,"Dr. Richard Lauer (Stem Cell), Dr. Cecilia Arana Yi, Dr. Ian Rabinowitz","CAR-T, Stem Cell Transplant, Hematologic Malignancies, Gene Therapy","Kymriah, Yescarta, Breyanzi, Abecma","Novartis, Gilead/Kite, BMS","CAR-T clinical trials, Gene therapy protocols, Novel immunotherapies","University of New Mexico, NIH/NCI",250+ cellular therapy patients,Yes - Designated,Yes,"Patient navigation, Financial services, Clinical trial coordination, Native American outreach"
University of Kentucky Markey Cancer Center,800 Rose Street,Lexington,KY,40536,859-257-4500,https://ukhealthcare.uky.edu/markey-cancer-center,markey@uky.edu,"Dr. Gerhard Hildebrandt (CAR-T), Dr. Heidi Weiss, Dr. John D'Orazio","CAR-T, Stem Cell Transplant, Gene Therapy, Hematologic Malignancies","Kymriah, Yescarta, Breyanzi, Abecma","Novartis, Gilead/Kite, BMS","CAR-T clinical trials, Gene therapy studies, Novel cellular therapies","University of Kentucky, NIH/NCI",300+ cellular therapy patients,Yes - Designated,Yes,"Patient navigation, Financial assistance, Rural health outreach, Support"
University of Vermont Cancer Center,89 Beaumont Avenue,Burlington,VT,05405,802-656-5487,https://www.uvmhealth.org/cancer,cancer.center@uvmhealth.org,"Dr. Steven Ades (Hematology), Dr. Marie Wood, Dr. Chris Holmes","CAR-T, Stem Cell Transplant, Gene Therapy, Regional Cancer Care","Kymriah, Yescarta, Breyanzi, Abecma","Novartis, Gilead/Kite, BMS","CAR-T trials, Gene therapy protocols, Rural cancer care innovations","University of Vermont, NIH/NCI",200+ cellular therapy patients,Yes - Designated,Yes,"Patient navigation, Travel assistance, Financial counseling, Telemedicine"
West Virginia University Cancer Institute,1 Medical Center Drive,Morgantown,WV,26506,304-293-4229,https://wvucancer.org,wvuci@hsc.wvu.edu,"Dr. Michael Newton (Hematology), Dr. Aaron Cumpston, Dr. Sijin Wen","CAR-T, Stem Cell Transplant, Gene Therapy, Appalachian Cancer Care","Kymriah, Yescarta, Breyanzi, Abecma","Novartis, Gilead/Kite, BMS","CAR-T trials, Appalachian health disparities research, Gene therapy","WVU, NIH/NCI, Appalachian ECHO",250+ cellular therapy patients,Yes - Designated,Yes,"Patient navigation, Travel assistance, Financial services, Community outreach"
University of Mississippi Medical Center,2500 North State Street,Jackson,MS,39216,601-984-1000,https://www.umc.edu/cancer,cancer-center@umc.edu,"Dr. Srinivas Devarakonda (Hematology), Dr. Charlotte Hobbs, Dr. Donald Dafoe","CAR-T, Stem Cell Transplant, Gene Therapy, Sickle Cell","Kymriah, Yescarta, Breyanzi, Gene therapy for sickle cell","Novartis, Gilead/Kite, BMS, Bluebird Bio","CAR-T trials, Sickle cell gene therapy, Health disparities research","University of Mississippi, NIH/NCI",200+ cellular therapy patients,No,Yes,"Patient navigation, Financial assistance, Sickle cell program, Outreach"
LSU Health Sciences Center,1501 Kings Highway,Shreveport,LA,71103,318-675-5000,https://www.lsuhs.edu/our-schools/school-of-medicine/feist-weiller-cancer-center,fwcc@lsuhs.edu,"Dr. Glenn Mills (Hematology), Dr. Kfir Lapid, Dr. Tarek Mekhail","CAR-T, Stem Cell Transplant, Hematologic Malignancies, Gene Therapy","Kymriah, Yescarta, Breyanzi, Abecma","Novartis, Gilead/Kite, BMS","CAR-T clinical trials, Gene therapy protocols, Novel cellular therapies","LSU Health, NIH/NCI, Industry",200+ cellular therapy patients,Yes - Designated,Yes,"Patient navigation, Financial services, Clinical trial support, Community care"
Roswell Park Comprehensive Cancer Center,Elm and Carlton Streets,Buffalo,NY,14263,716-845-2300,https://www.roswellpark.org,askrpci@roswellpark.org,"Dr. Philip McCarthy (Stem Cell), Dr. Francisco Hernandez-Ilizaliturri, Dr. Sanjay Mohanty","CAR-T, Gene Therapy, Stem Cell Transplant, Immunotherapy, Precision Medicine","Kymriah, Yescarta, Breyanzi, Abecma, Tecartus","Novartis, Gilead/Kite, BMS","CAR-T optimization, Novel cellular therapies, Gene therapy trials","Roswell Park, NIH/NCI, Industry",500+ cellular therapy patients,Yes - Comprehensive,Yes,"Patient navigation, Housing, Financial assistance, International services"
Fox Chase Cancer Center,333 Cottman Avenue,Philadelphia,PA,19111,215-728-6900,https://www.foxchase.org,fccc-info@fccc.edu,"Dr. Neil Palmisiano (CAR-T), Dr. Margaret Kasner, Dr. Weijing Sun","CAR-T, Stem Cell Transplant, Gene Therapy, Hematologic Malignancies","Kymriah, Yescarta, Breyanzi, Abecma","Novartis, Gilead/Kite, BMS","CAR-T trials, Gene therapy protocols, Novel immunotherapies","Fox Chase, NIH/NCI, Industry",350+ cellular therapy patients,Yes - Comprehensive,Yes,"Patient navigation, Financial counseling, Supportive care, Clinical trials"
Tufts Medical Center,800 Washington Street,Boston,MA,02111,617-636-5000,https://www.tuftsmedicalcenter.org/cancer-center,cancercenter@tuftsmedicalcenter.org,"Dr. Andrew Evens (Director), Dr. Vaishali Sanchorawala, Dr. Martha Wadleigh","CAR-T, Stem Cell Transplant, Amyloidosis, Hematologic Malignancies","Kymriah, Yescarta, Breyanzi, Abecma","Novartis, Gilead/Kite, BMS","Amyloidosis cellular therapies, CAR-T trials, Novel immunotherapies","Tufts Medical Center, NIH/NCI",300+ cellular therapy patients,No,Yes,"Patient navigation, Financial services, Amyloidosis clinic, Support groups"
University of Texas Health San Antonio,7979 Wurzbach Road,San Antonio,TX,78229,210-450-1000,https://www.uthealthsanantonio.edu/cancer,cancercenter@uthscsa.edu,"Dr. Ruben Niesvizky (Myeloma), Dr. Anuj Mahindra, Dr. Ian Rabinowitz","CAR-T, Stem Cell Transplant, Multiple Myeloma, Gene Therapy","Kymriah, Yescarta, Breyanzi, Abecma, Carvykti","Novartis, Gilead/Kite, BMS, Janssen","Multiple myeloma CAR-T, Gene therapy trials, Novel cellular therapies","UT Health San Antonio, NIH/NCI",350+ cellular therapy patients,Yes - Designated,Yes,"Patient navigation, Financial assistance, Clinical trial support, Support"
UT Health Houston,6431 Fannin Street,Houston,TX,77030,713-500-4472,https://www.uth.edu/oncology,oncology@uth.tmc.edu,"Dr. Muzaffar Qazilbash (Stem Cell), Dr. Qaiser Bashir, Dr. Yago Nieto","CAR-T, Stem Cell Transplant, Multiple Myeloma, Gene Therapy","Kymriah, Yescarta, Breyanzi, Abecma","Novartis, Gilead/Kite, BMS","Tandem transplant innovations, CAR-T trials, Gene therapy protocols","UT Health Houston, NIH/NCI",400+ cellular therapy patients,No,Yes,"Patient navigation, Housing assistance, Financial counseling, Support"
University of Oklahoma Stephenson Cancer Center,800 NE 10th Street,Oklahoma City,OK,73104,405-271-4022,https://stephensoncancercenter.org,scc-info@ouhsc.edu,"Dr. Jennifer Holter-Chakrabarty (Stem Cell), Dr. Mohamad Cherry, Dr. Katherine Reeder-Hayes","CAR-T, Stem Cell Transplant, Gene Therapy, Hematologic Malignancies","Kymriah, Yescarta, Breyanzi, Abecma","Novartis, Gilead/Kite, BMS","CAR-T clinical trials, Gene therapy studies, Novel cellular therapies","University of Oklahoma, NIH/NCI",250+ cellular therapy patients,Yes - Designated,Yes,"Patient navigation, Financial services, Native American outreach, Support"
University of South Carolina,9 Medical Park Road,Columbia,SC,29203,803-434-3200,https://www.prismahealth.org/cancer,cancer@prismahealth.org,"Dr. Sunil Adige (Hematology), Dr. Carolyn Briggs, Dr. James Bearden","CAR-T, Stem Cell Transplant, Gene Therapy, Regional Cancer Care","Kymriah, Yescarta, Breyanzi, Abecma","Novartis, Gilead/Kite, BMS","CAR-T trials, Gene therapy protocols, Community cancer care","Prisma Health, Industry sponsors",200+ cellular therapy patients,No,Yes,"Patient navigation, Financial assistance, Clinical trial coordination, Support"
Beaumont Health - Royal Oak,3601 W 13 Mile Road,Royal Oak,MI,48073,248-551-5000,https://www.beaumont.org/services/cancer-care,cancer-info@beaumont.org,"Dr. Abhinav Deol (CAR-T), Dr. Lois Ayash, Dr. Divaya Bhutani","CAR-T, Stem Cell Transplant, Multiple Myeloma, Gene Therapy","Kymriah, Yescarta, Breyanzi, Abecma","Novartis, Gilead/Kite, BMS","CAR-T trials, Multiple myeloma research, Gene therapy protocols","Beaumont Health, Industry sponsors",300+ cellular therapy patients,No,Yes,"Patient navigation, Financial counseling, Supportive care, Clinical trials"
Spectrum Health Cancer Center,1025 Leffingwell Avenue NE,Grand Rapids,MI,49503,616-486-3347,https://www.spectrumhealth.org/services/cancer-care,cancer@spectrumhealth.org,"Dr. Gordan Srkalovic (Medical Oncology), Dr. Kent Hoskins, Dr. Lisa Hollenbeck","CAR-T, Stem Cell Transplant, Gene Therapy, Regional Cancer Care","Kymriah, Yescarta, Breyanzi, Abecma","Novartis, Gilead/Kite, BMS","CAR-T clinical trials, Community-based cellular therapy, Gene therapy","Spectrum Health, Industry sponsors",250+ cellular therapy patients,No,Yes,"Patient navigation, Financial services, Clinical trial support, Support groups"
Banner University Medical Center Phoenix,1111 E McDowell Road,Phoenix,AZ,85006,602-839-2000,https://www.bannerhealth.com/locations/phoenix/banner-university-medical-center-phoenix,cancer@bannerhealth.com,"Dr. Javier Pinilla-Ibarz (Hematology), Dr. Emily Greenstein, Dr. Daniel Persky","CAR-T, Stem Cell Transplant, Gene Therapy, Hematologic Malignancies","Kymriah, Yescarta, Breyanzi, Abecma","Novartis, Gilead/Kite, BMS","CAR-T trials, Gene therapy studies, Novel cellular therapies","Banner Health, University of Arizona",300+ cellular therapy patients,No,Yes,"Patient navigation, Financial assistance, Clinical trial coordination, Support"
University of Southern California Norris,1441 Eastlake Avenue,Los Angeles,CA,90033,323-865-3000,https://www.uscnorriscancer.usc.edu,norriscancercenter@med.usc.edu,"Dr. Jacqueline Garcia (Stem Cell), Dr. Amir Goldkorn, Dr. Ann Mohrbacher","CAR-T, Stem Cell Transplant, Gene Therapy, Precision Medicine","Kymriah, Yescarta, Breyanzi, Abecma","Novartis, Gilead/Kite, BMS","CAR-T optimization, Gene therapy trials, Precision oncology","USC Norris, NIH/NCI, Industry",400+ cellular therapy patients,Yes - Comprehensive,Yes,"Patient navigation, Financial counseling, Clinical trial support, Support"
UC San Diego Moores Cancer Center,3855 Health Sciences Drive,La Jolla,CA,92093,858-822-6100,https://cancer.ucsd.edu,moorescancercenter@ucsd.edu,"Dr. Carolyn Mulroney (Myeloma), Dr. Matthew Wieduwilt, Dr. Catriona Jamieson","CAR-T, Stem Cell Transplant, Gene Therapy, Precision Medicine","Kymriah, Yescarta, Breyanzi, Abecma","Novartis, Gilead/Kite, BMS","CAR-T trials, Precision oncology, Gene therapy protocols","UC San Diego, NIH/NCI, Industry",400+ cellular therapy patients,Yes - Comprehensive,Yes,"Patient navigation, Financial assistance, Clinical research, Support groups"
UC Irvine Chao Family Cancer Center,101 The City Drive South,Orange,CA,92868,714-456-8000,https://www.ucihealth.org/medical-services/cancer,chaofamilycc@uci.edu,"Dr. Lihua Budde (Lymphoma CAR-T), Dr. Deepa Jeyakumar, Dr. Leonard Sender","CAR-T, Stem Cell Transplant, Gene Therapy, Hematologic Malignancies","Kymriah, Yescarta, Breyanzi, Abecma","Novartis, Gilead/Kite, BMS","Lymphoma CAR-T trials, Gene therapy studies, Novel immunotherapies","UC Irvine, NIH/NCI, Industry",350+ cellular therapy patients,Yes - Comprehensive,Yes,"Patient navigation, Financial services, Clinical trial support, Support"
UC Davis Comprehensive Cancer Center,4501 X Street,Sacramento,CA,95817,916-734-5959,https://health.ucdavis.edu/cancer,cancer@ucdmc.ucdavis.edu,"Dr. Joseph Tuscano (Lymphoma), Dr. Brian Jonas, Dr. Mehrdad Abedi","CAR-T, Stem Cell Transplant, Gene Therapy, Hematologic Malignancies","Kymriah, Yescarta, Breyanzi, Abecma","Novartis, Gilead/Kite, BMS","CAR-T clinical trials, Gene therapy protocols, Novel cellular therapies","UC Davis, NIH/NCI, Industry",350+ cellular therapy patients,Yes - Designated,Yes,"Patient navigation, Financial assistance, Clinical trial coordination, Support"
Keck Medical Center of USC,1500 San Pablo Street,Los Angeles,CA,90033,323-442-8500,https://www.keckmedicine.org/services-specialties/cancer-services,keckcancer@med.usc.edu,"Dr. Amir Goldkorn (Oncology), Dr. Casey O'Connell, Dr. Ann Mohrbacher","CAR-T, Stem Cell Transplant, Gene Therapy, Precision Medicine","Kymriah, Yescarta, Breyanzi, Abecma","Novartis, Gilead/Kite, BMS","CAR-T trials, Gene therapy studies, Precision oncology research","Keck Medicine, NIH/NCI, Industry",300+ cellular therapy patients,No,Yes,"Patient navigation, Financial counseling, Clinical research, Support"
Montefiore Einstein Cancer Center,1695 Eastchester Road,Bronx,NY,10461,718-904-2730,https://www.montefiore.org/cancer-care,cancercenter@montefiore.org,"Dr. Amit Verma (Stem Cell), Dr. Dennis Cooper, Dr. Sanjay Goel","CAR-T, Stem Cell Transplant, Gene Therapy, Hematologic Malignancies","Kymriah, Yescarta, Breyanzi, Abecma","Novartis, Gilead/Kite, BMS","CAR-T trials, Health disparities research, Gene therapy protocols","Montefiore Einstein, NIH/NCI",350+ cellular therapy patients,Yes - Designated,Yes,"Patient navigation, Financial services, Language services, Community outreach"
Albert Einstein College of Medicine,1300 Morris Park Avenue,Bronx,NY,10461,718-430-2000,https://einsteinmed.edu,cancer@einsteinmed.edu,"Dr. Amit Verma (Hematology), Dr. Kira Gritsman, Dr. Ulrich Steidl","Gene Therapy, Stem Cell Research, MDS/AML, CRISPR Editing","Experimental gene therapy protocols, CRISPR-edited cells","Einstein, NIH/NCI, Industry","Gene editing for blood disorders, Novel cellular therapies, MDS research","Albert Einstein, NIH/NCI",Research and clinical trials,No,No,"Clinical trial participation, Research support, Patient education"
Atrium Health Levine Cancer Institute,1021 Morehead Medical Drive,Charlotte,NC,28204,980-442-2000,https://atriumhealth.org/medical-services/specialty-care/cancer-care,levine.cancer@atriumhealth.org,"Dr. Edward Donnell (CAR-T), Dr. Peter Voorhees, Dr. Christopher Gasparetto","CAR-T, Stem Cell Transplant, Multiple Myeloma, Gene Therapy","Kymriah, Yescarta, Breyanzi, Abecma, Carvykti","Novartis, Gilead/Kite, BMS, Janssen","Multiple myeloma CAR-T, Gene therapy trials, Novel cellular therapies","Atrium Health, Industry sponsors",400+ cellular therapy patients,No,Yes,"Patient navigation, Financial counseling, Clinical trial support, Support groups"
Intermountain Healthcare,5121 S Cottonwood Street,Murray,UT,84107,801-507-7000,https://intermountainhealthcare.org/services/cancer-care,cancerservices@imail.org,"Dr. Douglas Sborov (Myeloma), Dr. Paul Shami, Dr. Michael Deininger","CAR-T, Stem Cell Transplant, Multiple Myeloma, Gene Therapy","Kymriah, Yescarta, Breyanzi, Abecma","Novartis, Gilead/Kite, BMS","Multiple myeloma research, CAR-T trials, Gene therapy protocols","Intermountain, Industry sponsors",300+ cellular therapy patients,No,Yes,"Patient navigation, Financial assistance, Integrated care, Support"
Ochsner Health System,1514 Jefferson Highway,New Orleans,LA,70121,504-842-3000,https://www.ochsner.org/services/cancer-care,cancercare@ochsner.org,"Dr. Marc Matrana (Oncology), Dr. Nakhle Saba, Dr. Amer Zeidan","CAR-T, Stem Cell Transplant, Gene Therapy, Hematologic Malignancies","Kymriah, Yescarta, Breyanzi, Abecma","Novartis, Gilead/Kite, BMS","CAR-T clinical trials, Gene therapy studies, Novel cellular therapies","Ochsner, Industry sponsors",300+ cellular therapy patients,No,Yes,"Patient navigation, Financial services, Clinical trial coordination, Support"
Virginia Mason Franciscan Health,1100 9th Avenue,Seattle,WA,98101,206-223-6600,https://www.virginiamason.org/cancer-care,cancercare@vmfh.org,"Dr. David Aboulafia (Oncology), Dr. Rafael Madero-Marroquin, Dr. Jose Soto","CAR-T, Stem Cell Transplant, Gene Therapy, Regional Cancer Care","Kymriah, Yescarta, Breyanzi, Abecma","Novartis, Gilead/Kite, BMS","CAR-T trials, Community-based cellular therapy, Gene therapy","Virginia Mason, Industry sponsors",200+ cellular therapy patients,No,Yes,"Patient navigation, Financial counseling, Clinical trial support, Support"
Providence Portland Medical Center,4805 NE Glisan Street,Portland,OR,97213,503-215-1111,https://www.providence.org/locations/or/portland-medical-center,cancer@providence.org,"Dr. John Godwin (Oncology), Dr. Rachel Sanborn, Dr. Brendan Curti","CAR-T, Stem Cell Transplant, Immunotherapy, Gene Therapy","Kymriah, Yescarta, Breyanzi, Abecma","Novartis, Gilead/Kite, BMS","CAR-T trials, Immunotherapy research, Gene therapy protocols","Providence, Industry sponsors",250+ cellular therapy patients,No,Yes,"Patient navigation, Financial assistance, Clinical trial support, Spiritual care"
Billings Clinic,2800 10th Avenue North,Billings,MT,59101,406-238-2500,https://www.billingsclinic.com/services/cancer-care,cancer@billingsclinic.org,"Dr. Benjamin Marchello (Oncology), Dr. David Glazer, Dr. Alan Trusler","CAR-T, Stem Cell Transplant, Regional Cancer Care, Gene Therapy","Kymriah, Yescarta, Breyanzi, Abecma","Novartis, Gilead/Kite, BMS","CAR-T trials, Rural cancer care delivery, Gene therapy access","Billings Clinic, Industry sponsors",150+ cellular therapy patients,No,Yes,"Patient navigation, Travel assistance, Financial counseling, Rural outreach"
MultiCare Health System,315 MLK Jr Way,Tacoma,WA,98405,253-403-1000,https://www.multicare.org/cancer-care,cancerservices@multicare.org,"Dr. Sibel Blau (Oncology), Dr. Erin Kross, Dr. Christian Thomas","CAR-T, Stem Cell Transplant, Gene Therapy, Community Cancer Care","Kymriah, Yescarta, Breyanzi, Abecma","Novartis, Gilead/Kite, BMS","CAR-T trials, Community-based cellular therapy, Gene therapy","MultiCare, Industry sponsors",200+ cellular therapy patients,No,Yes,"Patient navigation, Financial assistance, Clinical trial coordination, Support"
Baylor Scott & White Medical Center,2401 S 31st Street,Temple,TX,76508,254-724-2111,https://www.bswhealth.com/locations/temple,cancer@bswhealth.com,"Dr. Carlos Becerra (Oncology), Dr. Gerald Miletello, Dr. Ravi Sarode","CAR-T, Stem Cell Transplant, Gene Therapy, Regional Cancer Care","Kymriah, Yescarta, Breyanzi, Abecma","Novartis, Gilead/Kite, BMS","CAR-T trials, Gene therapy protocols, Novel cellular therapies","Baylor Scott & White, Industry",250+ cellular therapy patients,No,Yes,"Patient navigation, Financial counseling, Clinical trial support, Support"
Advocate Aurora Health,1700 W Van Buren Street,Chicago,IL,60612,312-942-5000,https://www.advocatehealth.com/services/cancer-care,cancercare@aah.org,"Dr. Myo Htut (Oncology), Dr. Heidi Finnes, Dr. James Wade","CAR-T, Stem Cell Transplant, Gene Therapy, Community Cancer Care","Kymriah, Yescarta, Breyanzi, Abecma","Novartis, Gilead/Kite, BMS","CAR-T trials, Community-based cellular therapy, Gene therapy","Advocate Aurora, Industry sponsors",300+ cellular therapy patients,No,Yes,"Patient navigation, Financial services, Clinical trial coordination, Support"
University Medical Center of Princeton,1 Plainsboro Road,Plainsboro,NJ,08536,609-497-4000,https://www.princetonhcs.org/care-services/cancer-care,cancercare@princetonhcs.org,"Dr. Mark Stein (Oncology), Dr. Susan Goodin, Dr. Lorna Rodriguez","CAR-T, Stem Cell Transplant, Gene Therapy, Regional Cancer Care","Kymriah, Yescarta, Breyanzi, Abecma","Novartis, Gilead/Kite, BMS","CAR-T trials, Gene therapy protocols, Novel cellular therapies","Princeton HealthCare, Industry",200+ cellular therapy patients,No,Yes,"Patient navigation, Financial counseling, Clinical trial support, Support"
Cleveland Clinic Florida,2950 Cleveland Clinic Blvd,Weston,FL,33331,954-659-5000,https://my.clevelandclinic.org/florida,cancercare@ccf.org,"Dr. Jorge Cortes (Leukemia), Dr. Maria Florencia Geller, Dr. Cristina Gasparetto","CAR-T, Stem Cell Transplant, Leukemia, Gene Therapy","Kymriah, Yescarta, Breyanzi, Abecma","Novartis, Gilead/Kite, BMS","Leukemia CAR-T trials, Gene therapy studies, Novel cellular therapies","Cleveland Clinic, Industry sponsors",250+ cellular therapy patients,No,Yes,"Patient navigation, International services, Financial counseling, Support"
Northwell Health,270-05 76th Avenue,New Hyde Park,NY,11040,516-734-8900,https://www.northwell.edu/cancer-institute,cancer@northwell.edu,"Dr. Richard Steingart (Oncology), Dr. Jacqueline Barrientos, Dr. Ruthee-Lu Bayer","CAR-T, Stem Cell Transplant, Gene Therapy, Hematologic Malignancies","Kymriah, Yescarta, Breyanzi, Abecma","Novartis, Gilead/Kite, BMS","CAR-T trials, Gene therapy protocols, Novel cellular therapies","Northwell Health, Industry sponsors",300+ cellular therapy patients,No,Yes,"Patient navigation, Financial services, Clinical trial coordination, Support"
Geisinger Medical Center,100 N Academy Avenue,Danville,PA,17822,570-271-6211,https://www.geisinger.org/services/cancer,cancerservices@geisinger.edu,"Dr. Saurabh Rajguru (Oncology), Dr. Kimberly Walker, Dr. Witold Rybka","CAR-T, Stem Cell Transplant, Gene Therapy, Rural Cancer Care","Kymriah, Yescarta, Breyanzi, Abecma","Novartis, Gilead/Kite, BMS","CAR-T trials, Rural cancer care delivery, Gene therapy access","Geisinger, Industry sponsors",200+ cellular therapy patients,No,Yes,"Patient navigation, Travel assistance, Financial counseling, Rural outreach"
Dignity Health - St. Joseph's Hospital,350 W Thomas Road,Phoenix,AZ,85013,602-406-3000,https://www.dignityhealth.org/arizona/locations/stjosephs,cancer@dignityhealth.org,"Dr. Nidhi Sharma (Oncology), Dr. Michael Gordon, Dr. Raoul Tibes","CAR-T, Stem Cell Transplant, Gene Therapy, Regional Cancer Care","Kymriah, Yescarta, Breyanzi, Abecma","Novartis, Gilead/Kite, BMS","CAR-T trials, Gene therapy protocols, Novel cellular therapies","Dignity Health, Industry sponsors",250+ cellular therapy patients,No,Yes,"Patient navigation, Financial assistance, Clinical trial support, Spiritual care"
HonorHealth Research Institute,10510 N 92nd Street,Scottsdale,AZ,85258,480-323-1000,https://www.honorhealth.com/services/cancer-care,cancer@honorhealth.com,"Dr. Michael Gordon (Oncology), Dr. Shawn Glisson, Dr. Frank Tsai","CAR-T, Stem Cell Transplant, Gene Therapy, Clinical Research","Kymriah, Yescarta, Breyanzi, Abecma","Novartis, Gilead/Kite, BMS","CAR-T trials, Gene therapy studies, Novel immunotherapies","HonorHealth, Industry sponsors",200+ cellular therapy patients,No,Yes,"Patient navigation, Financial counseling, Clinical trial support, Support"
Penn State Health Milton S. Hershey Medical Center,500 University Drive,Hershey,PA,17033,717-531-8521,https://www.pennstatehealth.org/services/cancer,cancer@pennstatehealth.psu.edu,"Dr. Joseph Drabick (Oncology), Dr. Shin Mineishi, Dr. Hong Zheng","CAR-T, Stem Cell Transplant, Gene Therapy, Regional Cancer Care","Kymriah, Yescarta, Breyanzi, Abecma","Novartis, Gilead/Kite, BMS","CAR-T trials, Gene therapy protocols, Novel cellular therapies","Penn State Health, NIH/NCI",300+ cellular therapy patients,Yes - Designated,Yes,"Patient navigation, Financial services, Clinical trial coordination, Rural outreach"
University of Tennessee Health Science Center,910 Madison Avenue,Memphis,TN,38163,901-448-5500,https://www.uthsc.edu/cancer,cancer@uthsc.edu,"Dr. Lee Cranmer (Oncology), Dr. Robert Bast, Dr. Mitchell Cairo","CAR-T, Stem Cell Transplant, Gene Therapy, Hematologic Malignancies","Kymriah, Yescarta, Breyanzi, Abecma","Novartis, Gilead/Kite, BMS","CAR-T trials, Gene therapy studies, Novel cellular therapies","UTHSC, Industry sponsors",250+ cellular therapy patients,No,Yes,"Patient navigation, Financial assistance, Clinical trial support, Support"
University of Arkansas for Medical Sciences,4301 W Markham Street,Little Rock,AR,72205,501-686-8511,https://www.uams.edu/cancer,cancer@uams.edu,"Dr. Bart Barlogie (Multiple Myeloma), Dr. Frits van Rhee, Dr. Carolina Schinke","CAR-T, Stem Cell Transplant, Multiple Myeloma, Gene Therapy","Kymriah, Yescarta, Breyanzi, Abecma, Carvykti","Novartis, Gilead/Kite, BMS, Janssen","Multiple myeloma CAR-T, Total therapy protocols, Gene therapy trials","UAMS, NIH/NCI, Industry",500+ myeloma patients,No,Yes,"Myeloma Institute support, Financial assistance, Housing, Clinical trials"
Avera Cancer Institute,1325 S Cliff Avenue,Sioux Falls,SD,57105,605-322-6900,https://www.avera.org/locations/avera-cancer-institute,cancer@avera.org,"Dr. Casey Williams (Oncology), Dr. Mohamed Mahmoud, Dr. Brian Leyland-Jones","CAR-T, Stem Cell Transplant, Gene Therapy, Regional Cancer Care","Kymriah, Yescarta, Breyanzi, Abecma","Novartis, Gilead/Kite, BMS","CAR-T trials, Rural cancer care delivery, Gene therapy access","Avera, Industry sponsors",150+ cellular therapy patients,No,Yes,"Patient navigation, Travel assistance, Financial counseling, Rural outreach"
Sanford Health,1305 W 18th Street,Sioux Falls,SD,57105,605-333-1000,https://www.sanfordhealth.org/services/cancer,cancercare@sanfordhealth.org,"Dr. David Pearce (Cancer Research), Dr. Steven Powell, Dr. Preston Steen","CAR-T, Stem Cell Transplant, Gene Therapy, Rural Cancer Care","Kymriah, Yescarta, Breyanzi, Abecma","Novartis, Gilead/Kite, BMS","CAR-T trials, Precision oncology, Gene therapy protocols","Sanford Health, Industry sponsors",200+ cellular therapy patients,No,Yes,"Patient navigation, Financial assistance, Telemedicine, Rural services"
Essentia Health,502 E 2nd Street,Duluth,MN,55805,218-786-8376,https://www.essentiahealth.org/services/cancer-care,cancerservices@essentiahealth.org,"Dr. Kenneth Dornfeld (Oncology), Dr. Daniel Anderson, Dr. Michael Marolt","CAR-T, Stem Cell Transplant, Gene Therapy, Regional Cancer Care","Kymriah, Yescarta, Breyanzi, Abecma","Novartis, Gilead/Kite, BMS","CAR-T trials, Rural cancer care delivery, Gene therapy access","Essentia Health, Industry sponsors",150+ cellular therapy patients,No,Yes,"Patient navigation, Travel assistance, Financial counseling, Rural outreach"
CHI Health,601 N 30th Street,Omaha,NE,68131,402-280-4000,https://www.chihealth.com/cancer-care,cancer@chihealth.com,"Dr. Gamini Soori (Oncology), Dr. Stefano Tarantolo, Dr. Ralph Hauke","CAR-T, Stem Cell Transplant, Gene Therapy, Regional Cancer Care","Kymriah, Yescarta, Breyanzi, Abecma","Novartis, Gilead/Kite, BMS","CAR-T trials, Gene therapy protocols, Novel cellular therapies","CHI Health, Industry sponsors",200+ cellular therapy patients,No,Yes,"Patient navigation, Financial assistance, Clinical trial support, Spiritual care"
HealthPartners Cancer Care,205 Wabasha Street S,St. Paul,MN,55107,651-254-3456,https://www.healthpartners.com/care/specialty/cancer,cancercare@healthpartners.com,"Dr. Daniel Anderson (Oncology), Dr. Anne Blaes, Dr. Vicki Plano Clark","CAR-T, Stem Cell Transplant, Gene Therapy, Community Cancer Care","Kymriah, Yescarta, Breyanzi, Abecma","Novartis, Gilead/Kite, BMS","CAR-T trials, Community-based cellular therapy, Gene therapy","HealthPartners, Industry sponsors",200+ cellular therapy patients,No,Yes,"Patient navigation, Financial services, Clinical trial coordination, Support"
Norton Healthcare,200 E Chestnut Street,Louisville,KY,40202,502-629-8000,https://www.nortonhealthcare.com/services-and-conditions/cancer,cancer@nortonhealthcare.org,"Dr. John Hamm (Oncology), Dr. Goetz Kloecker, Dr. Don Stevens","CAR-T, Stem Cell Transplant, Gene Therapy, Regional Cancer Care","Kymriah, Yescarta, Breyanzi, Abecma","Novartis, Gilead/Kite, BMS","CAR-T trials, Gene therapy protocols, Novel cellular therapies","Norton Healthcare, Industry",200+ cellular therapy patients,No,Yes,"Patient navigation, Financial counseling, Clinical trial support, Support"
Trinity Health,20555 Victor Parkway,Livonia,MI,48152,734-343-1000,https://www.trinity-health.org/services/cancer-care,cancer@trinity-health.org,"Dr. Philip Stella (Oncology), Dr. Gordan Srkalovic, Dr. Kathleen Gallagher","CAR-T, Stem Cell Transplant, Gene Therapy, Community Cancer Care","Kymriah, Yescarta, Breyanzi, Abecma","Novartis, Gilead/Kite, BMS","CAR-T trials, Community-based cellular therapy, Gene therapy","Trinity Health, Industry sponsors",300+ cellular therapy patients,No,Yes,"Patient navigation, Financial assistance, Clinical trial coordination, Spiritual care"
Baptist Health South Florida,6855 Red Road,Coral Gables,FL,33143,786-596-2000,https://www.baptisthealth.net/en/services/cancer-care,cancer@baptisthealth.net,"Dr. Michael Zinner (Cancer Institute), Dr. Paulo Pinheiro, Dr. Jesus Gomez","CAR-T, Stem Cell Transplant, Gene Therapy, Regional Cancer Care","Kymriah, Yescarta, Breyanzi, Abecma","Novartis, Gilead/Kite, BMS","CAR-T trials, Gene therapy protocols, Novel cellular therapies","Baptist Health, Industry sponsors",250+ cellular therapy patients,No,Yes,"Patient navigation, Financial counseling, Language services, Support"
AdventHealth Orlando,601 E Rollins Street,Orlando,FL,32803,407-303-2115,https://www.adventhealth.com/services/cancer-care,cancer@adventhealth.com,"Dr. Julio Pow-Sang (Cancer Institute), Dr. Mark Stein, Dr. Harshad Kulkarni","CAR-T, Stem Cell Transplant, Gene Therapy, Regional Cancer Care","Kymriah, Yescarta, Breyanzi, Abecma","Novartis, Gilead/Kite, BMS","CAR-T trials, Gene therapy studies, Novel cellular therapies","AdventHealth, Industry sponsors",300+ cellular therapy patients,No,Yes,"Patient navigation, Financial assistance, Clinical trial support, Spiritual care"
Houston Methodist Hospital,6565 Fannin Street,Houston,TX,77030,713-790-3333,https://www.houstonmethodist.org/cancer-center,cancer@houstonmethodist.org,"Dr. Jorge Cortes (Leukemia), Dr. Krina Patel, Dr. Sajjad Shahab","CAR-T, Stem Cell Transplant, Leukemia, Gene Therapy","Kymriah, Yescarta, Breyanzi, Abecma","Novartis, Gilead/Kite, BMS","Leukemia CAR-T trials, Gene therapy protocols, Novel cellular therapies","Houston Methodist, Industry",300+ cellular therapy patients,No,Yes,"Patient navigation, Financial counseling, Clinical trial support, Support"
Baylor University Medical Center,3500 Gaston Avenue,Dallas,TX,75246,214-820-0111,https://www.bswhealth.com/locations/dallas,cancer@baylorhealth.edu,"Dr. Carlos Becerra (Oncology), Dr. Pankaj Gupta, Dr. Robert Collins","CAR-T, Stem Cell Transplant, Gene Therapy, Regional Cancer Care","Kymriah, Yescarta, Breyanzi, Abecma","Novartis, Gilead/Kite, BMS","CAR-T trials, Gene therapy protocols, Novel cellular therapies","Baylor Health, Industry sponsors",300+ cellular therapy patients,No,Yes,"Patient navigation, Financial assistance, Clinical trial coordination, Support"
Providence St. Vincent Medical Center,9205 SW Barnes Road,Portland,OR,97225,503-216-1234,https://www.providence.org/locations/or/st-vincent-medical-center,cancer@providence.org,"Dr. Brendan Curti (Immunotherapy), Dr. Walter Urba, Dr. Bernard Fox","CAR-T, Immunotherapy, Stem Cell Transplant, Gene Therapy","Kymriah, Yescarta, Breyanzi, Abecma","Novartis, Gilead/Kite, BMS","Immunotherapy trials, CAR-T studies, Gene therapy protocols","Providence, Earle A. Chiles Research",250+ cellular therapy patients,No,Yes,"Patient navigation, Financial counseling, Clinical trial support, Spiritual care"
University of Louisville,529 S Jackson Street,Louisville,KY,40202,502-852-5000,https://louisville.edu/medicine/departments/medicine/divisions/hemonc,medonc@louisville.edu,"Dr. Goetz Kloecker (Oncology), Dr. Don Stevens, Dr. Jason Chesney","CAR-T, Stem Cell Transplant, Gene Therapy, Immunotherapy","Kymriah, Yescarta, Breyanzi, Abecma","Novartis, Gilead/Kite, BMS","CAR-T trials, Immunotherapy research, Gene therapy protocols","University of Louisville, NIH/NCI",200+ cellular therapy patients,No,Yes,"Patient navigation, Financial assistance, Clinical trial support, Support"
Atrium Health Wake Forest Baptist,Medical Center Blvd,Winston-Salem,NC,27157,336-716-2011,https://www.wakehealth.edu/locations/cancer-care,cancercenter@wakehealth.edu,"Dr. Timothy Pardee (Leukemia), Dr. Keiko Blau, Dr. Dmitriy Berenzon","CAR-T, Stem Cell Transplant, Leukemia, Gene Therapy","Kymriah, Yescarta, Breyanzi, Abecma","Novartis, Gilead/Kite, BMS","Leukemia CAR-T trials, Gene therapy studies, Novel cellular therapies","Wake Forest Baptist, NIH/NCI",300+ cellular therapy patients,Yes - Designated,Yes,"Patient navigation, Financial counseling, Clinical trial support, Support"
University of California - Riverside,900 University Avenue,Riverside,CA,92521,951-827-1012,https://medschool.ucr.edu,cancer@medsch.ucr.edu,"Dr. Djordje Atanackovic (CAR-T), Dr. Frances Valdes, Dr. Idoroenyi Amanam","CAR-T, Stem Cell Transplant, Gene Therapy, Community Cancer Care","Kymriah, Yescarta, Breyanzi, Abecma","Novartis, Gilead/Kite, BMS","CAR-T trials, Health disparities research, Gene therapy access","UC Riverside, Industry sponsors",200+ cellular therapy patients,No,Yes,"Patient navigation, Financial assistance, Language services, Community outreach"
Hawaii Pacific Health - Pali Momi Medical Center,98-1079 Moanalua Road,Aiea,HI,96701,808-486-6000,https://www.hawaiipacifichealth.org/pali-momi/services/cancer-care,cancer@hph.org,"Dr. Jared Acoba (Oncology), Dr. Michael Leong, Dr. Scott Lwin","CAR-T, Stem Cell Transplant, Gene Therapy, Pacific Island Cancer Care","Kymriah, Yescarta, Breyanzi, Abecma","Novartis, Gilead/Kite, BMS","CAR-T trials, Pacific Islander cancer research, Gene therapy","Hawaii Pacific Health, Industry",150+ cellular therapy patients,No,Yes,"Patient navigation, Financial assistance, Language services, Island support"
Alaska Regional Hospital,2801 DeBarr Road,Anchorage,AK,99508,907-276-1131,https://alaskaregional.com/services/cancer-care,cancer@alaskaregional.com,"Dr. Kevin Barber (Oncology), Dr. Elisabeth Heath, Dr. Thomas Marsik","CAR-T, Stem Cell Transplant, Gene Therapy, Remote Cancer Care","Kymriah, Yescarta, Breyanzi, Abecma","Novartis, Gilead/Kite, BMS","CAR-T trials, Rural Alaska cancer care, Gene therapy access","Alaska Regional Hospital, Industry",100+ cellular therapy patients,No,Yes,"Patient navigation, Travel assistance, Financial counseling, Rural outreach"
University of Puerto Rico Comprehensive Cancer Center,89 De Diego Avenue,San Juan,PR,00927,787-772-8300,https://www.mdanderson.org/en/locations/locations-in-the-us-territories/puerto-rico.html,infocancer@upr.edu,"Dr. William Cceres (Director), Dr. Jess Cruz-Correa, Dr. Idhaliz Flores","CAR-T, Gene Therapy, Sickle Cell, Cancer Health Disparities","Kymriah, Yescarta, Gene therapy for sickle cell","Novartis, Gilead/Kite, Bluebird Bio","CAR-T trials, Sickle cell gene therapy, Health disparities research","UPR, NIH/NCI, Industry sponsors",200+ cellular therapy patients,Yes - Designated,Yes,"Patient navigation, Financial assistance, Spanish language services, Community support"
Guam Memorial Hospital,850 Governor Carlos G. Camacho Road,Tamuning,GU,96913,671-647-2330,https://gmha.org/services/cancer-care,cancer@gmha.org,"Dr. James Kim (Oncology), Dr. Lawrence Dumlao, Dr. Nathaniel Berg","Oncology, Stem Cell Transplant referrals, Pacific Islander Cancer Care","Referrals to mainland centers for CAR-T and advanced therapies","Various mainland partners","Cancer care for Pacific Islanders, Referral coordination","Guam Memorial, Pacific partnerships",Referral center,No,No,"Patient navigation, Travel coordination, Financial assistance, Language services"
Christchurch Hospital - New Zealand,2 Riccarton Avenue,Christchurch,8011,+64-3-364-0640,https://www.cdhb.health.nz/hospitals-health-facilities/christchurch-hospital,cancer.services@cdhb.health.nz,"Dr. Christopher Frampton (Haematology), Dr. Natasha Fleming, Dr. Mark Jeffery","CAR-T, Stem Cell Transplant, Gene Therapy, International Cancer Care","Kymriah, Yescarta (through Medsafe approval)","Novartis, Gilead/Kite","CAR-T trials, International cellular therapy collaboration","Canterbury DHB, Pharmac, Industry",150+ cellular therapy patients,No,No,"Public health system coverage, Patient support, International coordination"
Princess Margaret Cancer Centre - Toronto,610 University Avenue,Toronto,ON,M5G 2M9,416-946-4501,https://www.uhn.ca/PrincessMargaret,pm.cancer@uhn.ca,"Dr. Vikas Gupta (CAR-T), Dr. Jonas Mattsson, Dr. John Kuruvilla","CAR-T, Gene Therapy, Stem Cell Transplant, Immunotherapy","Kymriah, Yescarta, Breyanzi, Tisagenlecleucel","Novartis, Gilead/Kite, BMS","CAR-T trials, Gene therapy studies, Novel cellular therapies","Princess Margaret, CIHR, Industry",600+ cellular therapy patients,No,Yes,"Patient navigation, Financial counseling, International services, Support"
Vancouver General Hospital - BC Cancer,2775 Laurel Street,Vancouver,BC,V5Z 1M9,604-877-6000,https://www.bccancer.bc.ca,bccancer@bccancer.bc.ca,"Dr. Kevin Song (CAR-T), Dr. Donna Hogge, Dr. Stephen Couban","CAR-T, Stem Cell Transplant, Gene Therapy, Leukemia","Kymriah, Yescarta","Novartis, Gilead/Kite","CAR-T trials, Leukemia research, Gene therapy protocols","BC Cancer, CIHR, Industry",400+ cellular therapy patients,No,Yes,"Provincial health coverage, Patient support, Housing assistance"
McGill University Health Centre,1001 Dcarie Blvd,Montreal,QC,H4A 3J1,514-934-1934,https://www.mcgill.ca/medicine/departments/oncology,oncology@mcgill.ca,"Dr. Wilson Miller (Stem Cell), Dr. Silvy Lachance, Dr. Jean-Sbastien Delisle","CAR-T, Stem Cell Transplant, Gene Therapy, Leukemia","Kymriah, Yescarta","Novartis, Gilead/Kite","CAR-T trials, Gene therapy studies, Novel cellular therapies","McGill, CIHR, Industry sponsors",300+ cellular therapy patients,No,Yes,"Quebec health coverage, French language services, Patient navigation"
Hospital Israelita Albert Einstein - So Paulo,Av. Albert Einstein 627,So Paulo,SP,05652-900,+55-11-2151-1233,https://www.einstein.br/especialidades/oncologia,oncologia@einstein.br,"Dr. Nelson Hamerschlak (Stem Cell), Dr. Yana Novis, Dr. Jayr Schmidt Filho","CAR-T, Stem Cell Transplant, Gene Therapy, Latin American Cancer Care","Kymriah (ANVISA approved), Yescarta (in approval)","Novartis, Gilead/Kite","CAR-T trials in Brazil, Gene therapy protocols, International collaboration","Hospital Einstein, Industry sponsors",200+ cellular therapy patients,No,Yes,"International patient services, Portuguese language, Financial counseling"
Peter MacCallum Cancer Centre - Melbourne,305 Grattan Street,Melbourne,VIC,3000,+61-3-8559-5000,https://www.petermac.org,info@petermac.org,"Dr. Michael Dickinson (CAR-T), Dr. David Ritchie, Dr. Rachel Koldej","CAR-T, Stem Cell Transplant, Gene Therapy, Immunotherapy","Kymriah (TGA approved), Yescarta, Breyanzi","Novartis, Gilead/Kite, BMS","CAR-T trials, Gene therapy studies, Novel cellular therapies","Peter MacCallum, NHMRC, Industry",350+ cellular therapy patients,No,Yes,"Medicare coverage, Patient support, International coordination, Housing"
St. Vincent's Hospital Sydney,390 Victoria Street,Darlinghurst,NSW,2010,+61-2-8382-1111,https://www.svha.org.au/home/cancer-services,cancer@svha.org.au,"Dr. John Moore (Stem Cell), Dr. Sam Milliken, Dr. Helen Lochrin","CAR-T, Stem Cell Transplant, Gene Therapy, Hematologic Malignancies","Kymriah, Yescarta","Novartis, Gilead/Kite","CAR-T trials, Gene therapy protocols, International collaboration","St. Vincent's, NHMRC, Industry",250+ cellular therapy patients,No,Yes,"Medicare coverage, Patient navigation, International services, Support"
Singapore General Hospital,Outram Road,Singapore,169608,+65-6222-3322,https://www.sgh.com.sg/patient-care/specialties-services/cancer,cancer@sgh.com.sg,"Dr. William Hwang (Stem Cell), Dr. Liang Piu Koh, Dr. Francesca Lim","CAR-T, Stem Cell Transplant, Gene Therapy, Asian Cancer Care","Kymriah (HSA approved), Yescarta, Breyanzi","Novartis, Gilead/Kite, BMS","CAR-T trials in Asia, Gene therapy studies, Regional collaboration","Singapore Health Services, Industry",300+ cellular therapy patients,No,Yes,"Government subsidy programs, International patient services, Language support"
Samsung Medical Center - Seoul,81 Irwon-ro,Seoul,06351,+82-2-3410-2114,https://www.samsunghospital.com/gb/main/main.do,cancer@samsung.com,"Dr. Won Seog Kim (Lymphoma), Dr. Seok Jin Kim, Dr. Dok Hyun Yoon","CAR-T, Stem Cell Transplant, Gene Therapy, Korean Cancer Care","Kymriah (MFDS approved), Yescarta, Korean CAR-T products","Novartis, Gilead/Kite, Korean manufacturers","CAR-T trials in Korea, Gene therapy studies, Asian cancer research","Samsung Medical Center, Industry",400+ cellular therapy patients,No,Yes,"National health insurance, International services, Language support"
King's College Hospital - London,Denmark Hill,London,SE5 9RS,+44-20-3299-9000,https://www.kch.nhs.uk/service/cancer,cancer.services@nhs.net,"Dr. Victoria Potter (CAR-T), Dr. Dragana Milojkovic, Dr. Ghulam Mufti","CAR-T, Stem Cell Transplant, Gene Therapy, European Cancer Care","Kymriah (EMA approved), Yescarta, Breyanzi, Abecma","Novartis, Gilead/Kite, BMS","CAR-T trials, Gene therapy studies, European collaboration","King's College Hospital NHS, NIHR, Industry",350+ cellular therapy patients,No,Yes,"NHS coverage, International patient services, Clinical trial access"
University College London Hospitals,235 Euston Road,London,NW1 2BU,+44-20-3456-7890,https://www.uclh.nhs.uk/our-services/our-hospitals/cancer-services,cancer@uclh.nhs.uk,"Dr. Karl Peggs (CAR-T), Dr. Emma Nicholson, Dr. Kwee Yong","CAR-T, Gene Therapy, Stem Cell Transplant, Immunotherapy","Kymriah, Yescarta, Breyanzi, Abecma","Novartis, Gilead/Kite, BMS","CAR-T trials, Gene editing studies, Novel cellular therapies","University College London Hospitals NHS, NIHR",400+ cellular therapy patients,No,Yes,"NHS coverage, International coordination, Research participation"
Christie NHS Foundation Trust,550 Wilmslow Road,Manchester,M20 4BX,+44-161-446-3000,https://www.christie.nhs.uk,info@christie.nhs.uk,"Dr. Kim Linton (Lymphoma CAR-T), Dr. Alexander Khot, Dr. Gita Chawdhary","CAR-T, Stem Cell Transplant, Gene Therapy, Radiotherapy","Kymriah, Yescarta, Breyanzi, Abecma","Novartis, Gilead/Kite, BMS","CAR-T trials, Radioimmunotherapy, Gene therapy protocols","Christie NHS Foundation, Cancer Research UK",500+ cellular therapy patients,No,Yes,"NHS coverage, Patient support services, Clinical trials, International care"
Institut Gustave Roussy,114 Rue douard Vaillant,Villejuif,94805,+33-1-42-11-42-11,https://www.gustaveroussy.fr,contact@gustaveroussy.fr,"Dr. Nathalie Cartron (CAR-T), Dr. Aurlien Marabelle, Dr. Jean-Charles Soria","CAR-T, Gene Therapy, Stem Cell Transplant, Immunotherapy","Kymriah (EMA approved), Yescarta, Breyanzi","Novartis, Gilead/Kite, BMS","CAR-T trials in France, Gene therapy studies, European collaboration","Institut Gustave Roussy, French government, Industry",350+ cellular therapy patients,No,Yes,"French health system coverage, International services, Language support"
Charit - Universittsmedizin Berlin,Charitplatz 1,Berlin,10117,+49-30-450-50,https://www.charite.de/en,onkologie@charite.de,"Dr. Philipp le Coutre (Leukemia), Dr. Lars Bullinger, Dr. Ulrich Keller","CAR-T, Stem Cell Transplant, Gene Therapy, European Cancer Care","Kymriah, Yescarta, Breyanzi","Novartis, Gilead/Kite, BMS","CAR-T trials in Germany, Gene therapy studies, European research","Charit, German Research Foundation, Industry",400+ cellular therapy patients,No,Yes,"German health insurance, International patient services, Language support"
Universittsklinikum Heidelberg,Im Neuenheimer Feld 672,Heidelberg,69120,+49-6221-56-0,https://www.klinikum.uni-heidelberg.de/en,nct@med.uni-heidelberg.de,"Dr. Peter Dreger (Stem Cell), Dr. Carsten Mller-Tidow, Dr. Michael Schmitt","CAR-T, Gene Therapy, Stem Cell Transplant, Precision Medicine","Kymriah, Yescarta, Breyanzi","Novartis, Gilead/Kite, BMS","CAR-T trials, Gene therapy protocols, Precision oncology research","University Hospital Heidelberg, German Research Foundation",500+ cellular therapy patients,No,Yes,"German health coverage, International services, Research participation"